1, 171
1, 171
1, 168
1, 168
1, 174
1, 169
1, 168
1, 167
1, 169
1, 166
1, 169
1, 166
1, 170
1, 170
1, 177
1, 171
1, 176
1, 170
1, 170
1, 170
1, 173
1, 167
1, 167
1, 167
1, 166
1, 171
1, 167
1, 167
1, 169
1, 169
1, 138
1, 141
1, 137
1, 135
1, 140
1, 139
1, 138
1, 136
1, 140
1, 137
1, 146
1, 144
1, 148
1, 140
1, 148
1, 136
1, 138
1, 140
1, 137
1, 140
1, 139
1, 141
1, 135
1, 139
1, 136
1, 82
1, 87
1, 85
1, 83
1, 87
1, 83
1, 82
1, 81
1, 83
1, 83
1, 88
1, 85
1, 90
1, 90
1, 83
1, 85
1, 86
1, 87
1, 84
1, 85
1, 81
1, 84
1, 87
1, 85
1, 89
1, 104
1, 105
1, 100
1, 104
1, 101
1, 103
1, 102
1, 101
1, 101
1, 103
1, 100
1, 107
1, 106
1, 109
1, 97
1, 102
1, 101
1, 105
1, 98
1, 100
1, 101
1, 99
1, 100
1, 99
1, 104
1, 102
1, 51
1, 52
1, 64
1, 52
1, 54
1, 52
1, 50
1, 50
1, 57
1, 61
1, 59
1, 55
1, 55
1, 55
1, 57
1, 53
1, 63
1, 62
1, 60
1, 54
1, 58
1, 59
1, 55
1, 51
1, 55
1, 52
1, 53
1, 56
1, 149
1, 152
1, 153
1, 153
1, 150
1, 148
1, 143
1, 148
1, 155
1, 154
1, 154
1, 153
1, 159
1, 165
1, 152
1, 148
1, 151
1, 151
1, 149
1, 149
1, 163
1, 95
1, 90
1, 88
1, 92
1, 89
1, 92
1, 94
1, 92
1, 95
1, 92
1, 96
1, 91
1, 96
1, 101
1, 91
1, 94
1, 88
1, 89
1, 98
1, 92
1, 88
1, 89
1, 91
1, 161
1, 154
1, 154
1, 154
1, 152
1, 156
1, 164
1, 158
1, 154
1, 155
1, 148
1, 148
1, 154
1, 155
1, 156
1, 157
1, 158
1, 164
1, 193
1, 199
1, 202
1, 199
1, 193
1, 193
1, 193
1, 194
1, 198
1, 197
1, 197
1, 198
1, 200
1, 193
1, 194
1, 195
1, 195
1, 199
1, 195
1, 199
1, 299
1, 297
1, 296
1, 300
1, 297
1, 300
1, 299
1, 299
1, 299
1, 306
1, 304
1, 297
1, 298
1, 297
1, 299
1, 302
1, 301
1, 299
1, 298
1, 301
1, 256
1, 256
1, 257
1, 255
1, 258
1, 259
1, 254
1, 259
1, 257
1, 257
1, 259
1, 260
1, 257
1, 259
1, 384
1, 298
1, 384
1, 302
1, 384
1, 299
1, 384
1, 303
1, 384
1, 297
1, 384
1, 303
1, 384
1, 309
1, 384
1, 300
1, 384
1, 297
1, 384
1, 306
1, 384
1, 304
1, 384
1, 299
1, 384
1, 301
1, 384
1, 301
1, 384
1, 302
1, 384
1, 303
1, 384
1, 314
1, 384
1, 300
1, 384
1, 303
1, 384
1, 300
1, 219
1, 217
1, 215
1, 216
1, 218
1, 224
1, 214
1, 223
1, 219
1, 215
1, 221
1, 217
1, 214
1, 215
1, 219
1, 215
1, 219
1, 219
1, 220
1, 166
1, 163
1, 165
1, 166
1, 164
1, 163
1, 164
1, 168
1, 165
1, 163
1, 170
1, 168
1, 167
1, 166
1, 90
1, 88
1, 90
1, 91
1, 92
1, 93
1, 95
1, 95
1, 86
1, 89
1, 91
1, 87
1, 88
1, 88
1, 91
1, 110
1, 118
1, 107
1, 111
1, 120
1, 113
1, 114
1, 107
1, 119
1, 116
1, 110
1, 117
1, 111
1, 112
1, 112
1, 118
1, 79
1, 79
1, 82
1, 79
1, 88
1, 81
1, 79
1, 86
1, 81
1, 79
1, 89
1, 79
1, 91
1, 95
1, 94
1, 91
1, 92
1, 90
1, 87
1, 92
1, 94
1, 98
1, 90
1, 90
1, 94
1, 90
1, 94
1, 89
1, 95
1, 118
1, 118
1, 116
1, 119
1, 119
1, 122
1, 123
1, 116
1, 117
1, 117
1, 117
1, 117
1, 119
1, 116
1, 121
1, 68
1, 71
1, 70
1, 73
1, 74
1, 70
1, 75
1, 71
1, 71
1, 204
1, 204
1, 195
1, 194
1, 193
1, 203
1, 196
1, 202
1, 204
1, 205
1, 197
1, 207
1, 210
1, 197
1, 237
1, 237
1, 234
1, 237
1, 238
1, 240
1, 237
1, 239
1, 239
1, 236
1, 242
1, 239
1, 244
1, 234
1, 240
1, 45
1, 45
1, 45
1, 45
1, 46
1, 52
1, 45
1, 45
1, 44
1, 46
1, 44
1, 45
1, 47
1, 42
1, 44
1, 45
1, 184
1, 178
1, 178
1, 178
1, 176
1, 189
1, 186
1, 188
1, 177
1, 184
1, 180
1, 174
1, 177
1, 181
1, 182
1, 179
1, 127
1, 130
1, 125
1, 143
1, 137
1, 129
1, 135
1, 129
1, 132
1, 145
1, 146
1, 143
1, 144
1, 146
1, 165
1, 147
1, 148
1, 172
1, 146
1, 146
1, 143
1, 147
1, 153
1, 147
1, 149
1, 144
1, 111
1, 116
1, 114
1, 123
1, 109
1, 117
1, 119
1, 114
1, 120
1, 118
1, 121
1, 92
1, 95
1, 90
1, 90
1, 95
1, 103
1, 97
1, 96
1, 100
1, 94
1, 93
1, 92
1, 92
1, 90
1, 93
1, 92
1, 95
1, 96
1, 91
1, 101
1, 97
1, 95
1, 95
1, 95
1, 116
1, 94
1, 94
1, 104
1, 104
1, 100
1, 84
1, 81
1, 85
1, 84
1, 83
1, 80
1, 85
1, 85
1, 85
1, 94
1, 102
1, 97
1, 88
1, 89
1, 102
1, 93
1, 91
1, 95
1, 94
1, 158
1, 165
1, 156
1, 155
1, 161
1, 167
1, 160
1, 163
1, 157
1, 158
1, 154
1, 156
1, 153
1, 156
1, 157
1, 156
1, 158
1, 189
1, 193
1, 193
1, 198
1, 193
1, 192
1, 198
1, 193
1, 192
1, 194
1, 196
1, 109
1, 103
1, 97
1, 101
1, 100
1, 106
1, 100
1, 106
1, 104
1, 101
1, 108
1, 110
1, 108
1, 105
1, 84
1, 82
1, 86
1, 91
1, 80
1, 81
1, 83
1, 221
1, 220
1, 217
1, 218
1, 224
1, 224
1, 228
1, 221
1, 215
1, 219
1, 221
1, 222
1, 228
1, 218
1, 65
1, 66
1, 62
1, 67
1, 70
1, 72
1, 66
1, 70
1, 64
1, 66
1, 66
1, 126
1, 128
1, 133
1, 137
1, 133
1, 138
1, 131
1, 142
1, 138
1, 135
1, 137
1, 69
1, 72
1, 71
1, 78
1, 71
1, 72
1, 75
1, 72
1, 74
1, 67
1, 75
1, 69
1, 71
1, 67
1, 70
1, 231
1, 228
1, 229
1, 225
1, 228
1, 229
1, 227
1, 224
1, 227
1, 226
1, 228
1, 58
1, 59
1, 60
1, 55
1, 59
1, 120
1, 119
1, 121
1, 117
1, 118
1, 126
1, 119
1, 115
1, 125
1, 123
1, 120
1, 119
1, 117
1, 46
1, 43
1, 46
1, 45
1, 50
1, 43
1, 48
1, 47
1, 52
1, 46
1, 52
1, 51
1, 127
1, 119
1, 122
1, 126
1, 122
1, 121
1, 126
1, 128
1, 120
1, 132
1, 121
1, 130
1, 159
1, 168
1, 164
1, 160
1, 164
1, 163
1, 164
1, 168
1, 168
1, 159
1, 167
1, 165
1, 160
1, 169
1, 162
1, 165
1, 167
1, 164
1, 167
1, 166
1, 165
1, 170
1, 170
1, 166
1, 167
1, 162
1, 165
1, 167
1, 207
1, 201
1, 205
1, 209
1, 204
1, 208
1, 204
1, 207
1, 213
1, 212
1, 200
1, 204
1, 149
1, 148
1, 152
1, 149
1, 150
1, 150
1, 149
1, 155
1, 155
1, 151
1, 147
1, 153
1, 148
1, 151
1, 220
1, 213
1, 213
1, 216
1, 215
1, 222
1, 218
1, 218
1, 211
1, 221
1, 224
1, 215
1, 218
1, 131
1, 137
1, 136
1, 136
1, 142
1, 140
1, 131
1, 134
1, 149
1, 142
1, 143
1, 151
1, 227
1, 222
1, 222
1, 221
1, 223
1, 223
1, 217
1, 226
1, 228
1, 229
1, 234
1, 232
1, 231
1, 229
1, 231
1, 261
1, 259
1, 262
1, 264
1, 257
1, 262
1, 262
1, 259
1, 258
1, 266
1, 269
1, 271
1, 268
1, 263
1, 262
1, 313
1, 313
1, 317
1, 320
1, 319
1, 316
1, 317
1, 319
1, 322
1, 318
1, 318
1, 324
1, 319
1, 316
1, 133
1, 133
1, 134
1, 127
1, 135
1, 380
1, 379
1, 374
1, 382
1, 376
1, 160
1, 157
1, 153
1, 153
1, 157
1, 175
1, 177
1, 177
1, 175
1, 177
1, 170
1, 170
1, 168
1, 168
1, 170
1, 145
1, 148
1, 149
1, 147
1, 148
1, 126
1, 124
1, 124
1, 129
1, 150
1, 146
1, 151
1, 155
1, 148
1, 130
1, 125
1, 125
1, 127
1, 132
1, 137
1, 136
1, 138
1, 138
1, 142
1, 171
1, 180
1, 171
1, 180
1, 174
1, 137
1, 123
1, 128
1, 132
1, 129
1, 118
1, 115
1, 120
1, 124
1, 116
1, 110
1, 111
1, 109
1, 115
1, 108
1, 141
1, 145
1, 140
1, 140
1, 145
1, 144
1, 143
1, 149
1, 146
1, 151
1, 153
1, 157
1, 159
1, 154
1, 151
1, 164
1, 158
1, 163
1, 158
1, 165
1, 229
1, 230
1, 224
1, 231
1, 229
1, 325
1, 327
1, 327
1, 327
1, 328
1, 182
1, 187
1, 186
1, 192
1, 183
1, 239
1, 236
1, 233
1, 234
1, 238
1, 187
1, 181
1, 180
1, 186
1, 184
1, 177
1, 179
1, 176
1, 175
1, 179
1, 109
1, 103
1, 103
1, 107
1, 105
1, 144
1, 151
1, 146
1, 145
1, 145
1, 184
1, 190
1, 180
1, 183
1, 185
1, 176
1, 188
1, 168
1, 170
1, 171
1, 143
1, 150
1, 144
1, 143
1, 146
1, 121
1, 127
1, 125
1, 123
1, 132
1, 266
1, 265
1, 264
1, 265
1, 265
1, 212
1, 212
1, 209
1, 212
1, 210
1, 194
1, 198
1, 196
1, 200
1, 199
1, 134
1, 136
1, 130
1, 137
1, 134
1, 225
1, 224
1, 229
1, 234
1, 225
1, 251
1, 248
1, 249
1, 253
1, 243
1, 163
1, 162
1, 160
1, 161
1, 162
1, 149
1, 152
1, 157
1, 151
1, 153
1, 214
1, 217
1, 207
1, 208
1, 211
1, 202
1, 199
1, 203
1, 201
1, 199
1, 204
1, 209
1, 206
1, 211
1, 205
1, 173
1, 164
1, 168
1, 167
1, 168
1, 299
1, 299
1, 303
1, 123
1, 125
1, 122
1, 122
1, 129
1, 169
1, 168
1, 169
1, 171
1, 173
1, 292
1, 291
1, 290
1, 293
1, 292
1, 146
1, 147
1, 148
1, 149
1, 148
1, 189
1, 195
1, 191
1, 187
1, 195
1, 155
1, 155
1, 153
1, 157
1, 159
1, 155
1, 154
1, 156
1, 157
1, 161
1, 166
1, 167
1, 167
1, 165
1, 171
1, 282
1, 278
1, 278
1, 101
1, 103
1, 208
1, 218
1, 206
1, 163
1, 111
1, 115
1, 139
1, 200
1, 192
1, 190
1, 205
1, 198
1, 173
1, 174
1, 175
1, 199
1, 201
1, 198
1, 173
1, 139
1, 140
1, 146
1, 192
1, 197
1, 194
1, 103
1, 384
1, 263
1, 384
1, 266
1, 384
1, 263
1, 187
1, 181
1, 183
1, 84
1, 79
1, 81
1, 140
1, 142
1, 142
1, 141
1, 166
1, 159
1, 162
1, 122
1, 121
1, 123
1, 127
1, 138
1, 293
1, 290
1, 290
1, 121
1, 121
1, 121
1, 119
1, 233
1, 244
1, 71
1, 76
1, 70
1, 99
1, 121
1, 119
1, 125
1, 128
1, 128
1, 68
1, 153
1, 150
1, 154
1, 150
1, 213
1, 216
1, 217
1, 125
1, 121
1, 121
1, 126
1, 124
1, 92
1, 66
1, 62
1, 62
1, 125
1, 130
1, 83
1, 84
1, 74
1, 74
1, 74
1, 226
1, 228
1, 100
1, 85
1, 80
1, 74
1, 200
1, 155
1, 154
1, 84
1, 91
1, 85
1, 90
1, 75
1, 75
1, 74
1, 73
1, 74
1, 75
1, 73
1, 131
1, 127
1, 131
1, 130
1, 127
1, 126
1, 126
1, 125
1, 126
1, 131
1, 138
1, 141
1, 137
1, 138
1, 136
1, 136
1, 135
1, 142
1, 147
1, 146
1, 146
1, 143
1, 142
1, 151
1, 149
1, 147
1, 153
1, 153
1, 152
1, 151
1, 151
1, 153
1, 153
1, 154
1, 152
1, 129
1, 131
1, 136
1, 132
1, 131
1, 127
1, 130
1, 135
1, 106
1, 109
1, 105
1, 111
1, 109
1, 106
1, 106
1, 109
1, 105
1, 102
1, 88
1, 90
1, 95
1, 92
1, 88
1, 93
1, 86
1, 89
1, 93
1, 92
1, 104
1, 102
1, 103
1, 103
1, 105
1, 104
1, 103
1, 103
1, 103
1, 332
1, 331
1, 332
1, 331
1, 329
1, 328
1, 330
1, 330
1, 330
1, 336
1, 124
1, 126
1, 125
1, 131
1, 123
1, 122
1, 128
1, 131
1, 126
1, 125
1, 92
1, 92
1, 92
1, 95
1, 94
1, 95
1, 92
1, 92
1, 101
1, 103
1, 104
1, 101
1, 102
1, 104
1, 101
1, 104
1, 103
1, 122
1, 124
1, 124
1, 126
1, 126
1, 124
1, 122
1, 131
1, 127
1, 92
1, 89
1, 90
1, 91
1, 89
1, 92
1, 89
1, 90
1, 88
1, 88
1, 196
1, 193
1, 195
1, 198
1, 203
1, 191
1, 86
1, 86
1, 87
1, 88
1, 87
1, 89
1, 91
1, 89
1, 87
1, 91
1, 139
1, 141
1, 139
1, 146
1, 142
1, 143
1, 140
1, 138
1, 139
1, 141
1, 141
1, 141
1, 139
1, 143
1, 140
1, 144
1, 132
1, 134
1, 134
1, 138
1, 133
1, 133
1, 132
1, 138
1, 132
1, 154
1, 151
1, 157
1, 160
1, 158
1, 152
1, 155
1, 159
1, 152
1, 158
1, 124
1, 120
1, 112
1, 117
1, 119
1, 121
1, 115
1, 120
1, 127
1, 128
1, 129
1, 134
1, 132
1, 138
1, 259
1, 260
1, 260
1, 257
1, 258
1, 259
1, 263
1, 261
1, 258
1, 163
1, 158
1, 164
1, 157
1, 172
1, 163
1, 154
1, 158
1, 166
1, 221
1, 221
1, 225
1, 222
1, 219
1, 216
1, 217
1, 218
1, 218
1, 271
1, 269
1, 267
1, 275
1, 267
1, 268
1, 274
1, 86
1, 83
1, 89
1, 82
1, 83
1, 82
1, 88
1, 88
1, 50
1, 51
1, 56
1, 53
1, 48
1, 56
1, 229
1, 242
1, 228
1, 241
1, 235
1, 231
1, 234
1, 242
1, 237
1, 155
1, 155
1, 155
1, 156
1, 157
1, 157
1, 156
1, 156
1, 129
1, 127
1, 130
1, 129
1, 125
1, 143
1, 129
1, 125
1, 135
1, 80
1, 86
1, 84
1, 48
1, 47
1, 148
1, 146
1, 150
1, 150
1, 90
1, 91
1, 89
1, 173
1, 167
1, 168
1, 170
1, 177
1, 219
1, 219
1, 219
1, 218
1, 222
1, 172
1, 172
1, 172
1, 172
1, 61
1, 63
1, 62
1, 129
1, 127
1, 130
1, 127
1, 127
1, 112
1, 117
1, 116
1, 115
1, 247
1, 246
1, 246
1, 247
1, 247
1, 52
1, 50
1, 50
1, 47
1, 46
1, 44
1, 44
1, 52
1, 42
1, 43
1, 41
1, 128
1, 132
1, 127
1, 187
1, 181
1, 178
1, 183
1, 73
1, 69
1, 70
1, 75
1, 213
1, 212
1, 219
1, 211
1, 218
1, 133
1, 134
1, 127
1, 128
1, 111
1, 112
1, 110
1, 114
1, 107
1, 183
1, 176
1, 177
1, 178
1, 165
1, 159
1, 167
1, 169
1, 117
1, 54
1, 49
1, 53
1, 138
1, 143
1, 141
1, 136
1, 140
1, 138
1, 136
1, 140
1, 59
1, 61
1, 59
1, 57
1, 56
1, 216
1, 210
1, 209
1, 212
1, 206
1, 77
1, 83
1, 82
1, 76
1, 82
1, 104
1, 109
1, 106
1, 106
1, 112
1, 165
1, 161
1, 163
1, 168
1, 163
1, 110
1, 107
1, 116
1, 158
1, 160
1, 156
1, 164
1, 159
1, 152
1, 151
1, 154
1, 151
1, 149
1, 147
1, 149
1, 148
1, 147
1, 89
1, 88
1, 91
1, 87
1, 87
1, 112
1, 110
1, 119
1, 108
1, 147
1, 149
1, 149
1, 144
1, 48
1, 44
1, 49
1, 52
1, 102
1, 97
1, 105
1, 91
1, 94
1, 91
1, 94
1, 99
1, 76
1, 75
1, 83
1, 80
1, 236
1, 242
1, 241
1, 239
1, 239
1, 191
1, 199
1, 197
1, 194
1, 193
1, 112
1, 110
1, 123
1, 165
1, 168
1, 168
1, 170
1, 168
1, 136
1, 134
1, 136
1, 65
1, 63
1, 65
1, 74
1, 145
1, 143
1, 141
1, 143
1, 41
1, 51
1, 46
1, 125
1, 125
1, 125
1, 130
1, 97
1, 102
1, 106
1, 100
1, 71
1, 69
1, 76
1, 83
1, 85
1, 76
1, 87
1, 60
1, 61
1, 61
1, 47
1, 54
1, 55
1, 63
1, 65
1, 65
1, 76
1, 74
1, 79
1, 61
1, 60
1, 61
1, 74
1, 73
1, 78
1, 71
1, 71
1, 105
1, 98
1, 104
1, 140
1, 147
1, 137
1, 134
1, 139
1, 145
1, 154
1, 157
1, 157
1, 179
1, 186
1, 176
1, 180
1, 184
1, 127
1, 125
1, 116
1, 129
1, 129
1, 125
1, 131
1, 124
1, 154
1, 150
1, 149
1, 154
1, 150
1, 92
1, 93
1, 95
1, 74
1, 78
1, 78
1, 82
1, 81
1, 111
1, 119
1, 179
1, 176
1, 177
1, 174
1, 182
1, 135
1, 131
1, 126
1, 123
1, 133
1, 211
1, 214
1, 206
1, 207
1, 226
1, 226
1, 230
1, 230
1, 223
1, 90
1, 99
1, 98
1, 97
1, 94
1, 90
1, 95
1, 120
1, 115
1, 123
1, 125
1, 229
1, 221
1, 236
1, 237
1, 81
1, 83
1, 79
1, 80
1, 80
1, 69
1, 71
1, 68
1, 74
1, 139
1, 136
1, 138
1, 216
1, 213
1, 207
1, 212
1, 222
1, 87
1, 83
1, 97
1, 90
1, 44
1, 41
1, 48
1, 176
1, 177
1, 179
1, 179
1, 186
1, 52
1, 51
1, 55
1, 112
1, 107
1, 114
1, 107
1, 107
1, 194
1, 182
1, 183
1, 180
1, 195
1, 67
1, 71
1, 69
1, 135
1, 135
1, 150
1, 135
1, 134
1, 120
1, 124
1, 121
1, 136
1, 127
1, 127
1, 136
1, 132
1, 135
1, 209
1, 208
1, 231
1, 215
1, 134
1, 142
1, 136
1, 136
1, 141
1, 144
1, 138
1, 135
1, 108
1, 106
1, 112
1, 173
1, 177
1, 173
1, 176
1, 181
1, 248
1, 259
1, 254
1, 253
1, 141
1, 142
1, 149
1, 142
1, 91
1, 94
1, 94
1, 101
1, 83
1, 86
1, 87
1, 78
1, 91
1, 313
1, 315
1, 320
1, 139
1, 153
1, 154
1, 140
1, 148
1, 81
1, 86
1, 70
1, 79
1, 74
1, 108
1, 107
1, 111
1, 106
1, 106
1, 114
1, 117
1, 122
1, 76
1, 76
1, 142
1, 145
1, 161
1, 159
1, 123
1, 126
1, 124
1, 125
1, 126
1, 56
1, 56
1, 52
1, 57
1, 61
1, 66
1, 58
1, 61
1, 60
1, 52
1, 50
1, 56
1, 57
1, 75
1, 75
1, 77
1, 80
1, 89
1, 70
1, 78
1, 78
1, 70
1, 74
1, 73
1, 74
1, 73
1, 79
1, 143
1, 137
1, 146
1, 139
1, 142
1, 53
1, 53
1, 54
1, 50
1, 145
1, 147
1, 149
1, 149
1, 145
1, 68
1, 74
1, 72
1, 70
1, 75
1, 253
1, 252
1, 253
1, 252
1, 252
1, 124
1, 117
1, 114
1, 120
1, 119
1, 131
1, 130
1, 127
1, 133
1, 123
1, 88
1, 91
1, 92
1, 96
1, 90
1, 58
1, 63
1, 60
1, 60
1, 61
1, 102
1, 98
1, 99
1, 103
1, 98
1, 130
1, 128
1, 130
1, 128
1, 129
1, 45
1, 45
1, 48
1, 115
1, 118
1, 115
1, 125
1, 121
1, 108
1, 102
1, 106
1, 103
1, 103
1, 111
1, 116
1, 114
1, 111
1, 115
1, 117
1, 117
1, 114
1, 113
1, 120
1, 118
1, 117
1, 119
1, 183
1, 187
1, 186
1, 187
1, 187
1, 169
1, 169
1, 163
1, 167
1, 133
1, 138
1, 132
1, 132
1, 139
1, 184
1, 178
1, 180
1, 180
1, 151
1, 151
1, 152
1, 151
1, 153
1, 87
1, 84
1, 83
1, 87
1, 184
1, 189
1, 186
1, 186
1, 184
1, 92
1, 95
1, 87
1, 89
1, 84
1, 235
1, 228
1, 226
1, 227
1, 51
1, 47
1, 123
1, 132
1, 127
1, 130
1, 131
1, 96
1, 100
1, 98
1, 96
1, 101
1, 61
1, 53
1, 62
1, 55
1, 57
1, 90
1, 86
1, 87
1, 84
1, 88
1, 157
1, 164
1, 160
1, 166
1, 159
1, 72
1, 73
1, 66
1, 66
1, 74
1, 106
1, 105
1, 103
1, 107
1, 104
1, 106
1, 109
1, 107
1, 140
1, 143
1, 145
1, 147
1, 64
1, 66
1, 64
1, 68
1, 76
1, 77
1, 81
1, 81
1, 94
1, 92
1, 92
1, 94
1, 95
1, 70
1, 73
1, 74
1, 71
1, 69
1, 122
1, 122
1, 126
1, 128
1, 126
1, 160
1, 161
1, 165
1, 168
1, 158
1, 118
1, 114
1, 114
1, 116
1, 113
1, 82
1, 85
1, 81
1, 80
1, 81
1, 170
1, 171
1, 170
1, 168
1, 176
1, 384
1, 300
1, 384
1, 301
1, 384
1, 301
1, 384
1, 306
1, 384
1, 300
1, 384
1, 301
1, 384
1, 298
1, 384
1, 298
1, 384
1, 298
1, 277
1, 272
1, 273
1, 273
1, 272
1, 67
1, 69
1, 62
1, 71
1, 68
1, 65
1, 70
1, 67
1, 66
1, 181
1, 180
1, 182
1, 179
1, 181
1, 198
1, 197
1, 200
1, 202
1, 206
1, 144
1, 136
1, 134
1, 138
1, 137
1, 117
1, 121
1, 122
1, 116
1, 115
1, 286
1, 285
1, 288
1, 288
1, 293
1, 82
1, 84
1, 87
1, 84
1, 83
1, 224
1, 222
1, 221
1, 227
1, 224
1, 208
1, 202
1, 204
1, 212
1, 212
1, 138
1, 138
1, 137
1, 143
1, 144
1, 85
1, 89
1, 90
1, 86
1, 87
1, 78
1, 86
1, 77
1, 75
1, 81
1, 135
1, 124
1, 128
1, 125
1, 127
1, 204
1, 198
1, 212
1, 201
1, 211
1, 57
1, 60
1, 64
1, 64
1, 72
1, 73
1, 74
1, 66
1, 72
1, 96
1, 97
1, 93
1, 98
1, 89
1, 92
1, 92
1, 91
1, 94
1, 83
1, 83
1, 81
1, 86
1, 85
1, 121
1, 116
1, 120
1, 119
1, 135
1, 201
1, 204
1, 198
1, 200
1, 199
1, 282
1, 282
1, 278
1, 279
1, 280
1, 55
1, 54
1, 58
1, 58
1, 121
1, 122
1, 121
1, 120
1, 125
1, 261
1, 260
1, 263
1, 262
1, 264
1, 209
1, 203
1, 203
1, 212
1, 201
1, 190
1, 191
1, 193
1, 185
1, 189
1, 109
1, 108
1, 108
1, 104
1, 113
1, 97
1, 93
1, 100
1, 94
1, 97
1, 58
1, 63
1, 57
1, 58
1, 109
1, 117
1, 113
1, 114
1, 105
1, 105
1, 110
1, 114
1, 108
1, 187
1, 183
1, 187
1, 186
1, 191
1, 159
1, 154
1, 158
1, 154
1, 155
1, 168
1, 167
1, 165
1, 166
1, 166
1, 105
1, 102
1, 104
1, 103
1, 101
1, 214
1, 217
1, 209
1, 215
1, 212
1, 145
1, 148
1, 147
1, 151
1, 147
1, 82
1, 84
1, 88
1, 86
1, 85
1, 89
1, 92
1, 88
1, 94
1, 94
1, 200
1, 208
1, 201
1, 204
1, 205
1, 139
1, 143
1, 139
1, 137
1, 140
1, 202
1, 202
1, 202
1, 201
1, 204
1, 104
1, 109
1, 106
1, 103
1, 107
1, 108
1, 117
1, 113
1, 111
1, 114
1, 98
1, 100
1, 108
1, 96
1, 95
1, 185
1, 181
1, 184
1, 185
1, 184
1, 192
1, 192
1, 194
1, 199
1, 200
1, 215
1, 208
1, 209
1, 209
1, 210
1, 287
1, 285
1, 286
1, 283
1, 291
1, 261
1, 265
1, 261
1, 269
1, 263
1, 99
1, 107
1, 101
1, 102
1, 100
1, 157
1, 155
1, 155
1, 155
1, 155
1, 139
1, 138
1, 148
1, 142
1, 139
1, 238
1, 234
1, 238
1, 238
1, 232
1, 217
1, 213
1, 218
1, 218
1, 213
1, 80
1, 78
1, 79
1, 81
1, 81
1, 132
1, 130
1, 133
1, 134
1, 133
1, 170
1, 172
1, 169
1, 171
1, 170
1, 138
1, 146
1, 147
1, 140
1, 140
1, 178
1, 170
1, 168
1, 172
1, 172
1, 166
1, 164
1, 161
1, 158
1, 165
1, 227
1, 219
1, 223
1, 219
1, 222
1, 351
1, 345
1, 346
1, 351
1, 354
1, 169
1, 165
1, 159
1, 164
1, 165
1, 99
1, 106
1, 106
1, 104
1, 102
1, 182
1, 181
1, 182
1, 187
1, 184
1, 200
1, 201
1, 200
1, 198
1, 200
1, 75
1, 69
1, 72
1, 69
1, 159
1, 152
1, 154
1, 157
1, 157
1, 100
1, 88
1, 96
1, 95
1, 96
1, 273
1, 273
1, 271
1, 277
1, 270
1, 93
1, 95
1, 102
1, 96
1, 107
1, 384
1, 266
1, 384
1, 260
1, 384
1, 258
1, 384
1, 259
1, 384
1, 259
1, 224
1, 218
1, 217
1, 220
1, 218
1, 298
1, 303
1, 306
1, 300
1, 311
1, 113
1, 121
1, 113
1, 110
1, 119
1, 222
1, 225
1, 223
1, 217
1, 226
1, 223
1, 218
1, 219
1, 218
1, 223
1, 124
1, 126
1, 125
1, 121
1, 121
1, 117
1, 121
1, 120
1, 294
1, 293
1, 291
1, 304
1, 294
1, 263
1, 261
1, 266
1, 272
1, 261
1, 331
1, 322
1, 325
1, 324
1, 330
1, 175
1, 183
1, 186
1, 181
1, 179
1, 254
1, 256
1, 259
1, 253
1, 259
1, 222
1, 216
1, 218
1, 212
1, 213
1, 307
1, 308
1, 303
1, 310
1, 307
1, 208
1, 207
1, 202
1, 203
1, 209
1, 129
1, 121
1, 122
1, 118
1, 119
1, 184
1, 191
1, 180
1, 189
1, 159
1, 165
1, 153
1, 151
1, 157
1, 92
1, 96
1, 95
1, 92
1, 97
1, 171
1, 170
1, 173
1, 174
1, 173
1, 118
1, 122
1, 118
1, 120
1, 119
1, 170
1, 171
1, 169
1, 168
1, 171
1, 122
1, 121
1, 120
1, 118
1, 121
1, 48
1, 50
1, 52
1, 187
1, 180
1, 184
1, 185
1, 185
1, 58
1, 55
1, 57
1, 55
1, 64
1, 118
1, 130
1, 127
1, 127
1, 125
1, 82
1, 75
1, 80
1, 72
1, 80
1, 225
1, 230
1, 228
1, 232
1, 229
1, 61
1, 59
1, 59
1, 57
1, 110
1, 103
1, 104
1, 106
1, 106
1, 68
1, 50
1, 57
1, 64
1, 50
1, 107
1, 99
1, 95
1, 109
1, 106
1, 264
1, 267
1, 262
1, 266
1, 265
1, 44
1, 50
1, 45
1, 49
1, 181
1, 179
1, 184
1, 180
1, 178
1, 142
1, 145
1, 147
1, 146
1, 151
1, 207
1, 209
1, 204
1, 209
1, 203
1, 61
1, 65
1, 66
1, 65
1, 67
1, 168
1, 179
1, 179
1, 168
1, 182
1, 174
1, 179
1, 178
1, 174
1, 173
1, 201
1, 214
1, 203
1, 207
1, 209
1, 105
1, 114
1, 108
1, 107
1, 108
1, 93
1, 92
1, 98
1, 91
1, 92
1, 115
1, 117
1, 113
1, 120
1, 115
1, 86
1, 83
1, 95
1, 82
1, 85
1, 96
1, 97
1, 95
1, 105
1, 94
1, 93
1, 99
1, 97
1, 179
1, 169
1, 175
1, 182
1, 172
1, 116
1, 118
1, 119
1, 121
1, 127
1, 125
1, 125
1, 125
1, 134
1, 124
1, 80
1, 77
1, 81
1, 80
1, 77
1, 56
1, 51
1, 65
1, 83
1, 83
1, 78
1, 84
1, 47
1, 56
1, 61
1, 75
1, 73
1, 78
1, 86
1, 78
1, 75
1, 86
1, 78
1, 79
1, 123
1, 125
1, 130
1, 125
1, 123
1, 66
1, 66
1, 66
1, 69
1, 55
1, 58
1, 58
1, 217
1, 210
1, 211
1, 210
1, 210
1, 84
1, 83
1, 81
1, 87
1, 82
1, 72
1, 74
1, 78
1, 77
1, 73
1, 55
1, 51
1, 54
1, 55
1, 54
1, 42
1, 45
1, 42
1, 113
1, 110
1, 108
1, 111
1, 112
1, 189
1, 189
1, 188
1, 190
1, 146
1, 154
1, 152
1, 143
1, 145
1, 221
1, 220
1, 230
1, 222
1, 215
1, 135
1, 128
1, 130
1, 140
1, 137
1, 126
1, 136
1, 132
1, 137
1, 138
1, 169
1, 153
1, 154
1, 155
1, 151
1, 236
1, 242
1, 235
1, 237
1, 236
1, 109
1, 108
1, 117
1, 114
1, 185
1, 186
1, 184
1, 182
1, 184
1, 142
1, 141
1, 138
1, 140
1, 141
1, 151
1, 155
1, 158
1, 158
1, 167
1, 163
1, 164
1, 169
1, 171
1, 169
1, 169
1, 160
1, 157
1, 156
1, 157
1, 201
1, 198
1, 203
1, 204
1, 201
1, 276
1, 262
1, 270
1, 261
1, 267
1, 156
1, 161
1, 159
1, 157
1, 160
1, 165
1, 169
1, 164
1, 163
1, 168
1, 168
1, 170
1, 168
1, 173
1, 173
1, 148
1, 139
1, 137
1, 140
1, 140
1, 163
1, 156
1, 164
1, 160
1, 161
1, 111
1, 113
1, 114
1, 113
1, 110
1, 198
1, 202
1, 200
1, 202
1, 198
1, 132
1, 131
1, 129
1, 136
1, 136
1, 135
1, 133
1, 130
1, 133
1, 132
1, 148
1, 146
1, 148
1, 145
1, 145
1, 127
1, 126
1, 130
1, 126
1, 128
1, 130
1, 132
1, 133
1, 131
1, 136
1, 213
1, 208
1, 212
1, 209
1, 207
1, 175
1, 172
1, 175
1, 175
1, 174
1, 118
1, 119
1, 118
1, 124
1, 118
1, 134
1, 130
1, 132
1, 129
1, 135
1, 196
1, 198
1, 207
1, 198
1, 200
1, 122
1, 123
1, 124
1, 121
1, 124
1, 230
1, 229
1, 231
1, 233
1, 228
1, 127
1, 129
1, 127
1, 133
1, 127
1, 118
1, 117
1, 117
1, 119
1, 120
1, 132
1, 129
1, 130
1, 131
1, 127
1, 183
1, 179
1, 181
1, 188
1, 185
1, 131
1, 128
1, 131
1, 129
1, 131
1, 157
1, 155
1, 159
1, 158
1, 162
1, 132
1, 136
1, 133
1, 133
1, 133
1, 178
1, 182
1, 180
1, 182
1, 119
1, 116
1, 117
1, 118
1, 117
1, 110
1, 104
1, 104
1, 104
1, 103
1, 124
1, 124
1, 119
1, 120
1, 125
1, 112
1, 113
1, 111
1, 113
1, 111
1, 137
1, 139
1, 133
1, 133
1, 131
1, 313
1, 313
1, 312
1, 320
1, 308
1, 110
1, 111
1, 110
1, 115
1, 119
1, 143
1, 138
1, 137
1, 136
1, 133
1, 199
1, 202
1, 205
1, 201
1, 202
1, 232
1, 232
1, 237
1, 234
1, 238
1, 245
1, 248
1, 247
1, 251
1, 245
1, 115
1, 113
1, 118
1, 121
1, 118
1, 123
1, 121
1, 122
1, 127
1, 123
1, 126
1, 125
1, 123
1, 125
1, 167
1, 167
1, 175
1, 171
1, 172
1, 114
1, 117
1, 117
1, 116
1, 119
1, 142
1, 142
1, 141
1, 136
1, 141
1, 179
1, 175
1, 178
1, 183
1, 178
1, 178
1, 179
1, 176
1, 181
1, 187
1, 193
1, 193
1, 193
1, 193
1, 193
1, 153
1, 160
1, 152
1, 154
1, 155
1, 155
1, 150
1, 146
1, 150
1, 143
1, 140
1, 138
1, 141
1, 139
1, 140
1, 157
1, 154
1, 155
1, 156
1, 158
1, 232
1, 229
1, 226
1, 227
1, 235
1, 328
1, 327
1, 330
1, 327
1, 162
1, 165
1, 164
1, 165
1, 162
1, 184
1, 193
1, 192
1, 185
1, 131
1, 131
1, 134
1, 127
1, 130
1, 163
1, 167
1, 165
1, 165
1, 167
1, 169
1, 164
1, 165
1, 161
1, 159
1, 200
1, 195
1, 196
1, 197
1, 198
1, 247
1, 249
1, 248
1, 245
1, 244
1, 262
1, 266
1, 264
1, 268
1, 266
1, 129
1, 124
1, 134
1, 129
1, 129
1, 144
1, 147
1, 145
1, 150
1, 147
1, 162
1, 158
1, 158
1, 163
1, 163
1, 122
1, 124
1, 120
1, 118
1, 115
1, 136
1, 144
1, 132
1, 139
1, 138
1, 267
1, 262
1, 263
1, 267
1, 266
1, 192
1, 190
1, 191
1, 192
1, 195
1, 125
1, 131
1, 133
1, 131
1, 132
1, 323
1, 326
1, 328
1, 323
1, 331
1, 143
1, 145
1, 141
1, 142
1, 141
1, 168
1, 164
1, 165
1, 169
1, 169
1, 181
1, 179
1, 181
1, 179
1, 178
1, 273
1, 268
1, 270
1, 267
1, 274
1, 164
1, 165
1, 168
1, 165
1, 168
1, 125
1, 126
1, 122
1, 120
1, 116
1, 171
1, 169
1, 169
1, 167
1, 166
1, 156
1, 154
1, 152
1, 158
1, 154
1, 123
1, 118
1, 120
1, 118
1, 116
1, 265
1, 263
1, 271
1, 271
1, 266
1, 247
1, 243
1, 236
1, 136
1, 141
1, 131
1, 141
1, 140
1, 140
1, 145
1, 141
1, 143
1, 142
1, 178
1, 174
1, 175
1, 174
1, 187
1, 139
1, 135
1, 136
1, 141
1, 140
1, 173
1, 170
1, 178
1, 173
1, 170
1, 113
1, 122
1, 124
1, 111
1, 134
1, 137
1, 134
1, 135
1, 134
1, 190
1, 189
1, 193
1, 144
1, 134
1, 136
1, 133
1, 141
1, 216
1, 210
1, 212
1, 135
1, 131
1, 137
1, 138
1, 134
1, 134
1, 133
1, 133
1, 150
1, 157
1, 150
1, 151
1, 152
1, 112
1, 119
1, 109
1, 113
1, 110
1, 135
1, 127
1, 130
1, 130
1, 134
1, 190
1, 185
1, 189
1, 195
1, 200
1, 197
1, 203
1, 202
1, 202
1, 184
1, 181
1, 185
1, 189
1, 179
1, 160
1, 162
1, 161
1, 162
1, 161
1, 118
1, 119
1, 117
1, 118
1, 186
1, 187
1, 189
1, 186
1, 192
1, 124
1, 124
1, 126
1, 129
1, 123
1, 150
1, 146
1, 150
1, 157
1, 157
1, 259
1, 251
1, 252
1, 258
1, 272
1, 174
1, 173
1, 177
1, 186
1, 175
1, 106
1, 106
1, 107
1, 107
1, 110
1, 163
1, 160
1, 169
1, 167
1, 141
1, 148
1, 152
1, 144
1, 148
1, 315
1, 319
1, 317
1, 314
1, 325
1, 141
1, 134
1, 126
1, 138
1, 137
1, 161
1, 171
1, 171
1, 146
1, 145
1, 155
1, 148
1, 141
1, 177
1, 172
1, 170
1, 182
1, 182
1, 121
1, 122
1, 128
1, 122
1, 120
1, 186
1, 182
1, 186
1, 183
1, 187
1, 146
1, 153
1, 151
1, 147
1, 129
1, 136
1, 131
1, 130
1, 132
1, 133
1, 122
1, 127
1, 124
1, 123
1, 199
1, 201
1, 203
1, 205
1, 207
1, 210
1, 212
1, 208
1, 210
1, 221
1, 193
1, 191
1, 194
1, 194
1, 198
1, 197
1, 198
1, 191
1, 197
1, 198
1, 193
1, 195
1, 193
1, 194
1, 195
1, 220
1, 223
1, 224
1, 220
1, 222
1, 222
1, 220
1, 222
1, 131
1, 135
1, 132
1, 130
1, 133
1, 136
1, 134
1, 139
1, 134
1, 198
1, 191
1, 191
1, 206
1, 194
1, 193
1, 195
1, 196
1, 200
1, 151
1, 147
1, 150
1, 154
1, 147
1, 147
1, 147
1, 148
1, 149
1, 127
1, 139
1, 138
1, 138
1, 132
1, 131
1, 125
1, 128
1, 134
1, 126
1, 136
1, 134
1, 131
1, 121
1, 130
1, 127
1, 123
1, 169
1, 169
1, 176
1, 172
1, 169
1, 177
1, 174
1, 178
1, 163
1, 161
1, 160
1, 171
1, 165
1, 180
1, 184
1, 181
1, 189
1, 177
1, 211
1, 213
1, 216
1, 215
1, 212
1, 211
1, 211
1, 215
1, 209
1, 214
1, 190
1, 184
1, 180
1, 185
1, 182
1, 195
1, 200
1, 198
1, 194
1, 194
1, 262
1, 261
1, 262
1, 260
1, 258
1, 159
1, 155
1, 162
1, 157
1, 157
1, 133
1, 131
1, 129
1, 128
1, 189
1, 192
1, 194
1, 190
1, 195
1, 213
1, 209
1, 210
1, 208
1, 215
1, 200
1, 198
1, 205
1, 200
1, 199
1, 144
1, 146
1, 147
1, 153
1, 147
1, 162
1, 156
1, 157
1, 163
1, 159
1, 194
1, 192
1, 189
1, 195
1, 194
1, 145
1, 146
1, 143
1, 142
1, 148
1, 116
1, 123
1, 119
1, 121
1, 120
1, 154
1, 155
1, 153
1, 152
1, 157
1, 165
1, 165
1, 169
1, 173
1, 168
1, 149
1, 150
1, 153
1, 157
1, 153
1, 145
1, 146
1, 146
1, 147
1, 147
1, 136
1, 135
1, 137
1, 138
1, 139
1, 176
1, 180
1, 182
1, 179
1, 179
1, 220
1, 216
1, 218
1, 221
1, 218
1, 141
1, 138
1, 140
1, 139
1, 144
1, 184
1, 184
1, 182
1, 184
1, 135
1, 141
1, 135
1, 132
1, 132
1, 138
1, 134
1, 133
1, 134
1, 135
1, 144
1, 141
1, 143
1, 140
1, 174
1, 165
1, 166
1, 167
1, 169
1, 291
1, 290
1, 299
1, 290
1, 290
1, 179
1, 181
1, 182
1, 188
1, 181
1, 143
1, 150
1, 146
1, 146
1, 143
1, 128
1, 126
1, 128
1, 127
1, 131
1, 157
1, 158
1, 159
1, 161
1, 160
1, 149
1, 152
1, 148
1, 151
1, 149
1, 166
1, 164
1, 167
1, 162
1, 219
1, 221
1, 220
1, 218
1, 217
1, 137
1, 134
1, 135
1, 135
1, 213
1, 212
1, 219
1, 213
1, 211
1, 244
1, 243
1, 242
1, 238
1, 241
1, 140
1, 146
1, 150
1, 147
1, 138
1, 127
1, 120
1, 123
1, 122
1, 115
1, 119
1, 118
1, 119
1, 119
1, 147
1, 158
1, 143
1, 149
1, 143
1, 123
1, 124
1, 119
1, 124
1, 120
1, 126
1, 127
1, 125
1, 125
1, 112
1, 108
1, 109
1, 120
1, 120
1, 123
1, 119
1, 119
1, 120
1, 112
1, 117
1, 114
1, 275
1, 272
1, 278
1, 266
1, 158
1, 158
1, 168
1, 163
1, 159
1, 367
1, 365
1, 368
1, 361
1, 365
1, 126
1, 131
1, 125
1, 127
1, 156
1, 163
1, 158
1, 151
1, 123
1, 124
1, 130
1, 131
1, 247
1, 237
1, 241
1, 241
1, 238
1, 155
1, 154
1, 153
1, 138
1, 142
1, 145
1, 144
1, 168
1, 171
1, 169
1, 173
1, 171
1, 118
1, 123
1, 128
1, 123
1, 148
1, 149
1, 147
1, 146
1, 143
1, 161
1, 159
1, 163
1, 163
1, 159
1, 160
1, 156
1, 161
1, 157
1, 148
1, 149
1, 149
1, 149
1, 219
1, 220
1, 223
1, 218
1, 236
1, 120
1, 124
1, 133
1, 131
1, 121
1, 112
1, 115
1, 128
1, 150
1, 150
1, 150
1, 153
1, 153
1, 206
1, 196
1, 202
1, 203
1, 168
1, 173
1, 172
1, 168
1, 181
1, 183
1, 180
1, 189
1, 150
1, 147
1, 153
1, 146
1, 145
1, 175
1, 168
1, 167
1, 210
1, 210
1, 214
1, 218
1, 216
1, 153
1, 156
1, 156
1, 153
1, 192
1, 192
1, 182
1, 185
1, 150
1, 144
1, 147
1, 153
1, 188
1, 183
1, 193
1, 160
1, 163
1, 160
1, 162
1, 157
1, 180
1, 178
1, 178
1, 178
1, 173
1, 149
1, 152
1, 159
1, 161
1, 201
1, 191
1, 190
1, 196
1, 176
1, 172
1, 176
1, 127
1, 127
1, 130
1, 133
1, 193
1, 203
1, 199
1, 198
1, 215
1, 207
1, 207
1, 209
1, 132
1, 136
1, 131
1, 134
1, 130
1, 173
1, 175
1, 180
1, 179
1, 170
1, 152
1, 158
1, 159
1, 150
1, 158
1, 157
1, 163
1, 162
1, 159
1, 183
1, 194
1, 187
1, 187
1, 196
1, 131
1, 135
1, 133
1, 146
1, 145
1, 140
1, 139
1, 139
1, 132
1, 133
1, 135
1, 131
1, 144
1, 141
1, 147
1, 143
1, 141
1, 104
1, 112
1, 103
1, 106
1, 160
1, 163
1, 160
1, 156
1, 161
1, 218
1, 223
1, 233
1, 319
1, 321
1, 316
1, 325
1, 150
1, 140
1, 143
1, 147
1, 153
1, 232
1, 237
1, 236
1, 236
1, 235
1, 140
1, 140
1, 143
1, 138
1, 139
1, 134
1, 135
1, 142
1, 135
1, 180
1, 180
1, 180
1, 187
1, 185
1, 188
1, 189
1, 180
1, 173
1, 170
1, 189
1, 174
1, 180
1, 174
1, 217
1, 218
1, 216
1, 225
1, 124
1, 114
1, 113
1, 155
1, 147
1, 154
1, 192
1, 183
1, 192
1, 126
1, 133
1, 140
1, 139
1, 180
1, 187
1, 184
1, 140
1, 142
1, 143
1, 152
1, 133
1, 133
1, 133
1, 131
1, 138
1, 109
1, 122
1, 116
1, 111
1, 122
1, 131
1, 127
1, 130
1, 130
1, 136
1, 127
1, 134
1, 131
1, 132
1, 132
1, 130
1, 132
1, 131
1, 139
1, 147
1, 146
1, 143
1, 145
1, 141
1, 146
1, 144
1, 143
1, 141
1, 140
1, 143
1, 143
1, 294
1, 294
1, 291
1, 292
1, 296
1, 380
1, 378
1, 380
1, 381
1, 368
1, 378
1, 379
1, 370
1, 371
1, 264
1, 264
1, 264
1, 264
1, 265
1, 266
1, 262
1, 260
1, 259
1, 263
1, 125
1, 126
1, 123
1, 121
1, 126
1, 121
1, 123
1, 122
1, 121
1, 367
1, 369
1, 372
1, 376
1, 372
1, 380
1, 368
1, 368
1, 371
1, 370
1, 286
1, 290
1, 282
1, 277
1, 283
1, 278
1, 281
1, 282
1, 283
1, 279
1, 384
1, 384
1, 373
1, 384
1, 384
1, 380
1, 384
1, 384
1, 372
1, 384
1, 384
1, 381
1, 384
1, 384
1, 377
1, 384
1, 384
1, 373
1, 384
1, 384
1, 377
1, 384
1, 384
1, 373
1, 384
1, 384
1, 372
1, 384
1, 384
1, 375
1, 320
1, 313
1, 322
1, 319
1, 321
1, 312
1, 312
1, 314
1, 312
1, 364
1, 362
1, 357
1, 356
1, 362
1, 361
1, 349
1, 359
1, 361
1, 367
1, 360
1, 360
1, 359
1, 360
1, 368
1, 361
1, 358
1, 365
1, 360
1, 384
1, 384
1, 339
1, 384
1, 384
1, 345
1, 384
1, 384
1, 344
1, 384
1, 384
1, 339
1, 384
1, 384
1, 331
1, 384
1, 384
1, 336
1, 384
1, 289
1, 384
1, 295
1, 384
1, 285
1, 384
1, 287
1, 384
1, 289
1, 296
1, 302
1, 293
1, 293
1, 384
1, 374
1, 384
1, 352
1, 384
1, 349
1, 384
1, 350
1, 251
1, 257
1, 251
1, 259
1, 384
1, 384
1, 275
1, 384
1, 384
1, 273
1, 384
1, 384
1, 284
1, 384
1, 384
1, 268
1, 384
1, 384
1, 273
1, 330
1, 327
1, 330
1, 334
1, 140
1, 143
1, 148
1, 144
1, 144
1, 262
1, 249
1, 257
1, 252
1, 152
1, 153
1, 230
1, 231
1, 229
1, 236
1, 236
1, 171
1, 175
1, 181
1, 178
1, 160
1, 159
1, 160
1, 160
1, 164
1, 185
1, 184
1, 193
1, 185
1, 165
1, 164
1, 158
1, 158
1, 158
1, 302
1, 299
1, 300
1, 308
1, 301
1, 277
1, 274
1, 284
1, 275
1, 384
1, 332
1, 384
1, 331
1, 384
1, 336
1, 384
1, 325
1, 384
1, 345
1, 384
1, 384
1, 375
1, 384
1, 384
1, 384
1, 257
1, 384
1, 384
1, 375
1, 384
1, 384
1, 382
1, 384
1, 384
1, 384
1, 271
1, 384
1, 384
1, 384
1, 284
1, 384
1, 384
1, 384
1, 278
1, 384
1, 384
1, 384
1, 277
1, 384
1, 384
1, 384
1, 272
1, 384
1, 384
1, 384
1, 290
1, 384
1, 384
1, 261
1, 384
1, 377
1, 384
1, 384
1, 257
1, 384
1, 381
1, 384
1, 325
1, 384
1, 324
1, 384
1, 322
1, 384
1, 336
1, 384
1, 328
1, 384
1, 384
1, 384
1, 339
1, 384
1, 384
1, 384
1, 342
1, 384
1, 384
1, 384
1, 345
1, 384
1, 384
1, 384
1, 338
1, 384
1, 384
1, 384
1, 347
1, 142
1, 130
1, 145
1, 132
1, 384
1, 333
1, 384
1, 352
1, 384
1, 353
1, 384
1, 343
1, 384
1, 350
1, 256
1, 251
1, 255
1, 250
1, 384
1, 384
1, 384
1, 384
1, 295
1, 384
1, 384
1, 384
1, 384
1, 305
1, 384
1, 384
1, 384
1, 384
1, 307
1, 384
1, 384
1, 384
1, 384
1, 306
1, 384
1, 384
1, 308
1, 384
1, 384
1, 302
1, 384
1, 384
1, 302
1, 384
1, 384
1, 299
1, 384
1, 384
1, 321
1, 250
1, 249
1, 246
1, 249
1, 250
1, 247
1, 250
1, 249
1, 251
1, 250
1, 246
1, 246
1, 246
1, 247
1, 254
1, 152
1, 152
1, 148
1, 148
1, 148
1, 149
1, 153
1, 158
1, 152
1, 148
1, 153
1, 151
1, 155
1, 150
1, 147
1, 128
1, 128
1, 131
1, 131
1, 127
1, 135
1, 130
1, 130
1, 135
1, 126
1, 128
1, 130
1, 132
1, 130
1, 133
1, 198
1, 201
1, 198
1, 198
1, 197
1, 207
1, 200
1, 205
1, 207
1, 215
1, 211
1, 205
1, 218
1, 206
1, 151
1, 150
1, 149
1, 146
1, 147
1, 154
1, 149
1, 149
1, 151
1, 152
1, 153
1, 151
1, 149
1, 149
1, 151
1, 197
1, 200
1, 191
1, 191
1, 195
1, 197
1, 198
1, 198
1, 198
1, 197
1, 194
1, 197
1, 197
1, 193
1, 207
1, 214
1, 209
1, 216
1, 208
1, 211
1, 212
1, 215
1, 210
1, 210
1, 143
1, 148
1, 149
1, 145
1, 146
1, 155
1, 152
1, 149
1, 150
1, 147
1, 143
1, 149
1, 144
1, 146
1, 145
1, 144
1, 146
1, 145
1, 143
1, 146
1, 143
1, 139
1, 141
1, 139
1, 143
1, 146
1, 147
1, 151
1, 144
1, 147
1, 142
1, 153
1, 141
1, 138
1, 143
1, 174
1, 172
1, 176
1, 178
1, 175
1, 178
1, 181
1, 179
1, 176
1, 180
1, 139
1, 135
1, 142
1, 143
1, 144
1, 120
1, 124
1, 121
1, 121
1, 124
1, 119
1, 120
1, 130
1, 120
1, 119
1, 110
1, 108
1, 107
1, 117
1, 108
1, 113
1, 106
1, 112
1, 107
1, 106
1, 156
1, 158
1, 152
1, 159
1, 154
1, 162
1, 171
1, 168
1, 165
1, 163
1, 157
1, 152
1, 154
1, 154
1, 152
1, 269
1, 267
1, 268
1, 267
1, 270
1, 273
1, 268
1, 271
1, 269
1, 268
1, 274
1, 269
1, 267
1, 265
1, 266
1, 269
1, 266
1, 266
1, 267
1, 268
1, 263
1, 265
1, 265
1, 262
1, 265
1, 264
1, 258
1, 259
1, 256
1, 258
1, 258
1, 263
1, 264
1, 263
1, 256
1, 258
1, 259
1, 268
1, 262
1, 206
1, 210
1, 210
1, 203
1, 203
1, 202
1, 207
1, 207
1, 204
1, 208
1, 211
1, 214
1, 237
1, 237
1, 240
1, 248
1, 241
1, 234
1, 234
1, 241
1, 148
1, 145
1, 147
1, 144
1, 144
1, 145
1, 146
1, 145
1, 156
1, 145
1, 158
1, 160
1, 164
1, 166
1, 176
1, 172
1, 175
1, 175
1, 148
1, 143
1, 136
1, 141
1, 289
1, 282
1, 282
1, 283
1, 288
1, 289
1, 283
1, 291
1, 286
1, 287
1, 140
1, 144
1, 141
1, 146
1, 177
1, 173
1, 171
1, 176
1, 171
1, 139
1, 143
1, 136
1, 141
1, 141
1, 384
1, 326
1, 384
1, 315
1, 384
1, 326
1, 384
1, 322
1, 384
1, 323
1, 130
1, 130
1, 128
1, 137
1, 146
1, 142
1, 146
1, 144
1, 144
1, 243
1, 243
1, 240
1, 237
1, 181
1, 180
1, 196
1, 182
1, 185
1, 215
1, 214
1, 212
1, 212
1, 213
1, 157
1, 155
1, 153
1, 149
1, 161
1, 164
1, 165
1, 162
1, 166
1, 148
1, 150
1, 146
1, 150
1, 147
1, 166
1, 168
1, 144
1, 148
1, 384
1, 262
1, 384
1, 260
1, 384
1, 272
1, 384
1, 260
1, 384
1, 276
1, 295
1, 289
1, 285
1, 297
1, 289
1, 279
1, 282
1, 279
1, 281
1, 270
1, 265
1, 269
1, 266
1, 264
1, 265
1, 143
1, 143
1, 148
1, 147
1, 143
1, 358
1, 360
1, 361
1, 361
1, 354
1, 365
1, 181
1, 178
1, 179
1, 183
1, 178
1, 118
1, 117
1, 113
1, 116
1, 112
1, 142
1, 141
1, 139
1, 137
1, 138
1, 121
1, 121
1, 132
1, 122
1, 123
1, 132
1, 132
1, 134
1, 136
1, 134
1, 145
1, 149
1, 146
1, 148
1, 152
1, 112
1, 120
1, 115
1, 114
1, 170
1, 166
1, 173
1, 174
1, 172
1, 121
1, 122
1, 119
1, 121
1, 123
1, 215
1, 212
1, 218
1, 217
1, 216
1, 173
1, 178
1, 179
1, 169
1, 178
1, 122
1, 125
1, 121
1, 124
1, 128
1, 106
1, 107
1, 114
1, 107
1, 308
1, 303
1, 311
1, 315
1, 307
1, 131
1, 136
1, 133
1, 138
1, 129
1, 189
1, 192
1, 199
1, 201
1, 196
1, 275
1, 273
1, 274
1, 270
1, 273
1, 384
1, 274
1, 384
1, 277
1, 384
1, 283
1, 384
1, 286
1, 384
1, 280
1, 111
1, 112
1, 113
1, 116
1, 118
1, 358
1, 358
1, 360
1, 362
1, 363
1, 249
1, 251
1, 250
1, 250
1, 254
1, 285
1, 289
1, 287
1, 288
1, 288
1, 215
1, 214
1, 213
1, 208
1, 208
1, 192
1, 186
1, 192
1, 188
1, 185
1, 159
1, 162
1, 160
1, 158
1, 161
1, 127
1, 126
1, 128
1, 129
1, 156
1, 154
1, 157
1, 165
1, 110
1, 111
1, 115
1, 125
1, 117
1, 174
1, 176
1, 174
1, 174
1, 180
1, 175
1, 178
1, 108
1, 107
1, 109
1, 107
1, 106
1, 109
1, 106
1, 122
1, 122
1, 126
1, 122
1, 122
1, 125
1, 149
1, 147
1, 150
1, 146
1, 147
1, 145
1, 151
1, 147
1, 129
1, 130
1, 130
1, 131
1, 132
1, 130
1, 132
1, 246
1, 240
1, 242
1, 243
1, 184
1, 189
1, 186
1, 184
1, 384
1, 384
1, 384
1, 362
1, 384
1, 384
1, 384
1, 363
1, 384
1, 384
1, 384
1, 362
1, 384
1, 384
1, 384
1, 357
1, 151
1, 155
1, 151
1, 149
1, 101
1, 103
1, 104
1, 104
1, 104
1, 104
1, 101
1, 103
1, 132
1, 134
1, 139
1, 135
1, 163
1, 167
1, 162
1, 164
1, 276
1, 272
1, 279
1, 158
1, 157
1, 157
1, 159
1, 158
1, 198
1, 199
1, 201
1, 202
1, 201
1, 174
1, 167
1, 172
1, 129
1, 130
1, 131
1, 142
1, 146
1, 145
1, 147
1, 105
1, 108
1, 109
1, 142
1, 144
1, 146
1, 144
1, 148
1, 151
1, 152
1, 153
1, 218
1, 217
1, 218
1, 218
1, 218
1, 150
1, 156
1, 155
1, 157
1, 152
1, 230
1, 229
1, 230
1, 225
1, 227
1, 134
1, 136
1, 141
1, 138
1, 137
1, 140
1, 141
1, 143
1, 143
1, 142
1, 183
1, 179
1, 179
1, 181
1, 139
1, 135
1, 134
1, 138
1, 136
1, 162
1, 161
1, 169
1, 163
1, 279
1, 274
1, 272
1, 273
1, 275
1, 126
1, 124
1, 129
1, 127
1, 127
1, 237
1, 232
1, 239
1, 236
1, 240
1, 187
1, 186
1, 191
1, 187
1, 185
1, 253
1, 262
1, 263
1, 263
1, 258
1, 124
1, 122
1, 130
1, 124
1, 151
1, 152
1, 151
1, 154
1, 155
1, 111
1, 114
1, 115
1, 112
1, 110
1, 264
1, 265
1, 265
1, 271
1, 266
1, 348
1, 346
1, 348
1, 341
1, 346
1, 307
1, 305
1, 305
1, 305
1, 301
1, 192
1, 196
1, 197
1, 212
1, 210
1, 212
1, 209
1, 241
1, 242
1, 241
1, 236
1, 238
1, 169
1, 167
1, 167
1, 164
1, 165
1, 154
1, 155
1, 153
1, 157
1, 228
1, 228
1, 228
1, 223
1, 223
1, 191
1, 178
1, 176
1, 187
1, 174
1, 213
1, 216
1, 222
1, 211
1, 220
1, 192
1, 190
1, 193
1, 205
1, 195
1, 186
1, 189
1, 188
1, 188
1, 125
1, 133
1, 123
1, 125
1, 146
1, 148
1, 140
1, 152
1, 143
1, 155
1, 154
1, 163
1, 165
1, 158
1, 128
1, 126
1, 133
1, 138
1, 128
1, 210
1, 222
1, 219
1, 217
1, 295
1, 286
1, 304
1, 304
1, 299
1, 170
1, 168
1, 177
1, 173
1, 161
1, 225
1, 217
1, 227
1, 218
1, 225
1, 283
1, 282
1, 283
1, 285
1, 283
1, 131
1, 132
1, 131
1, 134
1, 171
1, 171
1, 166
1, 169
1, 167
1, 110
1, 110
1, 111
1, 107
1, 102
1, 114
1, 103
1, 178
1, 172
1, 182
1, 167
1, 178
1, 158
1, 160
1, 160
1, 158
1, 156
1, 135
1, 131
1, 139
1, 133
1, 252
1, 259
1, 265
1, 256
1, 253
1, 119
1, 124
1, 124
1, 122
1, 166
1, 169
1, 177
1, 167
1, 164
1, 122
1, 119
1, 127
1, 124
1, 119
1, 208
1, 209
1, 207
1, 209
1, 212
1, 185
1, 189
1, 184
1, 185
1, 184
1, 238
1, 239
1, 242
1, 239
1, 239
1, 145
1, 141
1, 145
1, 142
1, 145
1, 162
1, 162
1, 164
1, 161
1, 164
1, 167
1, 162
1, 163
1, 164
1, 166
1, 145
1, 140
1, 141
1, 143
1, 147
1, 253
1, 254
1, 257
1, 256
1, 249
1, 158
1, 149
1, 157
1, 161
1, 151
1, 186
1, 187
1, 196
1, 189
1, 186
1, 169
1, 168
1, 167
1, 163
1, 163
1, 177
1, 179
1, 178
1, 182
1, 183
1, 146
1, 148
1, 148
1, 151
1, 163
1, 163
1, 168
1, 170
1, 166
1, 150
1, 154
1, 152
1, 151
1, 157
1, 267
1, 272
1, 271
1, 270
1, 270
1, 120
1, 122
1, 122
1, 120
1, 115
1, 146
1, 140
1, 141
1, 144
1, 146
1, 151
1, 164
1, 152
1, 152
1, 166
1, 240
1, 235
1, 236
1, 234
1, 236
1, 141
1, 142
1, 141
1, 145
1, 145
1, 240
1, 244
1, 248
1, 246
1, 242
1, 276
1, 272
1, 278
1, 272
1, 270
1, 131
1, 137
1, 137
1, 143
1, 136
1, 169
1, 167
1, 173
1, 173
1, 170
1, 118
1, 118
1, 120
1, 118
1, 121
1, 165
1, 163
1, 171
1, 168
1, 167
1, 122
1, 122
1, 126
1, 127
1, 126
1, 145
1, 143
1, 144
1, 147
1, 149
1, 172
1, 174
1, 176
1, 173
1, 178
1, 136
1, 130
1, 129
1, 129
1, 130
1, 171
1, 170
1, 173
1, 171
1, 172
1, 109
1, 108
1, 108
1, 114
1, 106
1, 113
1, 115
1, 115
1, 117
1, 118
1, 143
1, 140
1, 141
1, 135
1, 138
1, 211
1, 212
1, 213
1, 210
1, 218
1, 138
1, 136
1, 145
1, 137
1, 137
1, 161
1, 167
1, 167
1, 162
1, 167
1, 122
1, 129
1, 121
1, 118
1, 120
1, 199
1, 202
1, 202
1, 200
1, 202
1, 183
1, 188
1, 182
1, 189
1, 183
1, 238
1, 236
1, 241
1, 240
1, 235
1, 200
1, 200
1, 201
1, 192
1, 203
1, 153
1, 158
1, 151
1, 156
1, 159
1, 121
1, 121
1, 121
1, 119
1, 121
1, 219
1, 215
1, 217
1, 218
1, 217
1, 177
1, 184
1, 178
1, 181
1, 181
1, 119
1, 122
1, 119
1, 121
1, 124
1, 196
1, 194
1, 194
1, 189
1, 191
1, 145
1, 143
1, 148
1, 147
1, 147
1, 127
1, 125
1, 124
1, 126
1, 123
1, 218
1, 217
1, 220
1, 216
1, 230
1, 147
1, 149
1, 144
1, 143
1, 148
1, 174
1, 173
1, 174
1, 172
1, 177
1, 176
1, 176
1, 174
1, 177
1, 202
1, 202
1, 205
1, 205
1, 211
1, 200
1, 199
1, 195
1, 204
1, 201
1, 260
1, 267
1, 269
1, 268
1, 270
1, 114
1, 116
1, 113
1, 123
1, 118
1, 125
1, 127
1, 124
1, 132
1, 178
1, 174
1, 170
1, 170
1, 168
1, 294
1, 291
1, 292
1, 288
1, 284
1, 384
1, 316
1, 384
1, 324
1, 384
1, 321
1, 384
1, 325
1, 384
1, 322
1, 281
1, 283
1, 282
1, 283
1, 279
1, 205
1, 195
1, 201
1, 201
1, 196
1, 313
1, 320
1, 311
1, 308
1, 310
1, 200
1, 200
1, 200
1, 208
1, 205
1, 149
1, 143
1, 142
1, 147
1, 146
1, 288
1, 286
1, 294
1, 286
1, 286
1, 384
1, 275
1, 384
1, 275
1, 384
1, 280
1, 384
1, 274
1, 384
1, 275
1, 185
1, 191
1, 193
1, 192
1, 193
1, 137
1, 139
1, 133
1, 133
1, 133
1, 244
1, 237
1, 244
1, 247
1, 245
1, 211
1, 198
1, 195
1, 206
1, 209
1, 271
1, 268
1, 270
1, 274
1, 264
1, 228
1, 228
1, 228
1, 220
1, 219
1, 272
1, 268
1, 270
1, 270
1, 276
1, 227
1, 227
1, 243
1, 232
1, 234
1, 189
1, 189
1, 194
1, 192
1, 197
1, 220
1, 216
1, 214
1, 216
1, 218
1, 136
1, 147
1, 139
1, 138
1, 141
1, 171
1, 173
1, 169
1, 173
1, 168
1, 322
1, 308
1, 314
1, 317
1, 311
1, 178
1, 174
1, 184
1, 182
1, 177
1, 271
1, 265
1, 262
1, 275
1, 268
1, 162
1, 164
1, 161
1, 156
1, 165
1, 193
1, 186
1, 188
1, 188
1, 193
1, 171
1, 172
1, 170
1, 174
1, 173
1, 257
1, 260
1, 260
1, 258
1, 260
1, 190
1, 193
1, 189
1, 190
1, 187
1, 177
1, 178
1, 183
1, 184
1, 189
1, 135
1, 132
1, 133
1, 134
1, 131
1, 134
1, 135
1, 132
1, 134
1, 136
1, 273
1, 267
1, 267
1, 272
1, 276
1, 214
1, 213
1, 210
1, 210
1, 214
1, 273
1, 272
1, 281
1, 280
1, 270
1, 319
1, 321
1, 312
1, 309
1, 320
1, 222
1, 222
1, 221
1, 222
1, 222
1, 184
1, 179
1, 172
1, 172
1, 169
1, 192
1, 192
1, 196
1, 191
1, 199
1, 301
1, 300
1, 302
1, 310
1, 301
1, 129
1, 131
1, 137
1, 134
1, 190
1, 191
1, 191
1, 189
1, 197
1, 173
1, 168
1, 164
1, 165
1, 384
1, 333
1, 384
1, 330
1, 384
1, 328
1, 384
1, 331
1, 384
1, 331
1, 132
1, 131
1, 134
1, 143
1, 130
1, 154
1, 156
1, 154
1, 149
1, 187
1, 186
1, 184
1, 190
1, 191
1, 120
1, 119
1, 119
1, 116
1, 120
1, 206
1, 205
1, 202
1, 202
1, 215
1, 120
1, 124
1, 122
1, 126
1, 130
1, 125
1, 124
1, 123
1, 124
1, 125
1, 213
1, 206
1, 219
1, 221
1, 209
1, 106
1, 113
1, 109
1, 106
1, 115
1, 182
1, 187
1, 186
1, 188
1, 192
1, 158
1, 159
1, 164
1, 160
1, 161
1, 121
1, 121
1, 122
1, 122
1, 124
1, 179
1, 181
1, 175
1, 175
1, 175
1, 251
1, 250
1, 251
1, 244
1, 253
1, 185
1, 189
1, 190
1, 190
1, 183
1, 225
1, 221
1, 224
1, 231
1, 223
1, 234
1, 227
1, 229
1, 231
1, 234
1, 130
1, 132
1, 132
1, 134
1, 212
1, 215
1, 214
1, 215
1, 215
1, 145
1, 150
1, 141
1, 145
1, 141
1, 186
1, 182
1, 178
1, 180
1, 181
1, 238
1, 235
1, 238
1, 237
1, 234
1, 326
1, 329
1, 327
1, 327
1, 328
1, 147
1, 156
1, 148
1, 146
1, 174
1, 169
1, 171
1, 172
1, 183
1, 180
1, 177
1, 182
1, 182
1, 220
1, 217
1, 225
1, 277
1, 278
1, 279
1, 279
1, 290
1, 289
1, 294
1, 296
1, 169
1, 172
1, 170
1, 171
1, 221
1, 219
1, 217
1, 217
1, 122
1, 122
1, 117
1, 123
1, 287
1, 294
1, 292
1, 289
1, 182
1, 181
1, 179
1, 176
1, 112
1, 111
1, 113
1, 153
1, 152
1, 153
1, 150
1, 117
1, 113
1, 113
1, 249
1, 250
1, 243
1, 244
1, 142
1, 142
1, 141
1, 145
1, 182
1, 184
1, 178
1, 178
1, 201
1, 200
1, 206
1, 185
1, 185
1, 187
1, 187
1, 339
1, 344
1, 341
1, 343
1, 341
1, 153
1, 164
1, 153
1, 163
1, 164
1, 169
1, 252
1, 253
1, 254
1, 256
1, 196
1, 190
1, 199
1, 176
1, 176
1, 181
1, 175
1, 138
1, 139
1, 137
1, 146
1, 173
1, 168
1, 173
1, 173
1, 146
1, 149
1, 144
1, 147
1, 121
1, 125
1, 131
1, 186
1, 185
1, 191
1, 193
1, 132
1, 140
1, 132
1, 113
1, 116
1, 113
1, 120
1, 193
1, 196
1, 199
1, 199
1, 292
1, 295
1, 292
1, 290
1, 179
1, 176
1, 182
1, 224
1, 222
1, 222
1, 226
1, 225
1, 204
1, 209
1, 211
1, 200
1, 163
1, 162
1, 163
1, 163
1, 288
1, 285
1, 288
1, 288
1, 252
1, 246
1, 249
1, 137
1, 145
1, 138
1, 141
1, 176
1, 173
1, 180
1, 182
1, 190
1, 199
1, 195
1, 196
1, 119
1, 122
1, 122
1, 121
1, 156
1, 159
1, 155
1, 155
1, 167
1, 176
1, 169
1, 194
1, 202
1, 199
1, 203
1, 130
1, 131
1, 133
1, 135
1, 177
1, 177
1, 177
1, 179
1, 197
1, 205
1, 206
1, 197
1, 203
1, 173
1, 164
1, 162
1, 168
1, 184
1, 180
1, 181
1, 185
1, 137
1, 141
1, 135
1, 134
1, 134
1, 119
1, 119
1, 138
1, 120
1, 200
1, 202
1, 205
1, 211
1, 166
1, 165
1, 165
1, 167
1, 232
1, 234
1, 233
1, 231
1, 222
1, 216
1, 219
1, 219
1, 227
1, 231
1, 230
1, 226
1, 267
1, 274
1, 271
1, 275
1, 270
1, 203
1, 203
1, 201
1, 202
1, 197
1, 197
1, 199
1, 193
1, 143
1, 143
1, 147
1, 147
1, 137
1, 138
1, 145
1, 135
1, 165
1, 168
1, 166
1, 169
1, 193
1, 204
1, 190
1, 198
1, 253
1, 249
1, 250
1, 249
1, 259
1, 259
1, 263
1, 264
1, 248
1, 257
1, 255
1, 250
1, 169
1, 172
1, 172
1, 169
1, 261
1, 252
1, 256
1, 256
1, 252
1, 187
1, 189
1, 193
1, 185
1, 346
1, 344
1, 347
1, 353
1, 350
1, 293
1, 299
1, 296
1, 298
1, 302
1, 184
1, 188
1, 184
1, 184
1, 190
1, 177
1, 178
1, 185
1, 181
1, 207
1, 197
1, 196
1, 196
1, 194
1, 206
1, 202
1, 201
1, 198
1, 202
1, 183
1, 187
1, 183
1, 190
1, 249
1, 256
1, 252
1, 257
1, 230
1, 233
1, 232
1, 230
1, 235
1, 172
1, 168
1, 173
1, 173
1, 238
1, 239
1, 238
1, 239
1, 140
1, 145
1, 143
1, 142
1, 139
1, 156
1, 154
1, 160
1, 160
1, 153
1, 184
1, 185
1, 192
1, 185
1, 149
1, 149
1, 154
1, 153
1, 157
1, 155
1, 148
1, 150
1, 150
1, 179
1, 181
1, 186
1, 191
1, 183
1, 128
1, 126
1, 126
1, 134
1, 180
1, 176
1, 175
1, 179
1, 174
1, 141
1, 139
1, 143
1, 141
1, 140
1, 167
1, 173
1, 170
1, 179
1, 180
1, 303
1, 297
1, 295
1, 302
1, 298
1, 124
1, 126
1, 129
1, 128
1, 182
1, 176
1, 178
1, 175
1, 187
1, 183
1, 181
1, 189
1, 184
1, 152
1, 156
1, 150
1, 152
1, 193
1, 199
1, 201
1, 196
1, 199
1, 212
1, 207
1, 207
1, 208
1, 206
1, 218
1, 217
1, 213
1, 226
1, 218
1, 175
1, 174
1, 177
1, 173
1, 172
1, 176
1, 172
1, 175
1, 171
1, 170
1, 309
1, 312
1, 306
1, 309
1, 305
1, 155
1, 154
1, 159
1, 154
1, 161
1, 218
1, 222
1, 214
1, 219
1, 216
1, 142
1, 152
1, 155
1, 179
1, 182
1, 181
1, 180
1, 183
1, 177
1, 179
1, 178
1, 384
1, 329
1, 384
1, 332
1, 384
1, 331
1, 384
1, 331
1, 384
1, 329
1, 218
1, 219
1, 217
1, 218
1, 212
1, 170
1, 176
1, 166
1, 172
1, 178
1, 196
1, 202
1, 200
1, 200
1, 203
1, 174
1, 175
1, 175
1, 168
1, 241
1, 246
1, 246
1, 241
1, 262
1, 273
1, 271
1, 269
1, 266
1, 228
1, 230
1, 229
1, 233
1, 235
1, 140
1, 142
1, 143
1, 144
1, 215
1, 213
1, 213
1, 212
1, 212
1, 148
1, 152
1, 143
1, 148
1, 152
1, 150
1, 150
1, 151
1, 151
1, 120
1, 116
1, 112
1, 114
1, 150
1, 148
1, 156
1, 157
1, 221
1, 220
1, 225
1, 219
1, 187
1, 177
1, 182
1, 187
1, 185
1, 126
1, 124
1, 121
1, 119
1, 171
1, 173
1, 165
1, 165
1, 126
1, 131
1, 126
1, 129
1, 197
1, 196
1, 194
1, 199
1, 200
1, 147
1, 149
1, 149
1, 155
1, 151
1, 319
1, 331
1, 324
1, 317
1, 201
1, 200
1, 204
1, 196
1, 203
1, 128
1, 126
1, 123
1, 206
1, 210
1, 215
1, 213
1, 210
1, 139
1, 126
1, 134
1, 185
1, 178
1, 171
1, 180
1, 179
1, 192
1, 191
1, 190
1, 191
1, 191
1, 260
1, 261
1, 262
1, 266
1, 260
1, 112
1, 118
1, 114
1, 113
1, 113
1, 166
1, 166
1, 167
1, 169
1, 167
1, 141
1, 145
1, 140
1, 142
1, 144
1, 207
1, 194
1, 187
1, 196
1, 197
1, 384
1, 384
1, 268
1, 384
1, 384
1, 265
1, 384
1, 384
1, 262
1, 384
1, 384
1, 266
1, 384
1, 384
1, 265
1, 143
1, 142
1, 144
1, 145
1, 145
1, 130
1, 124
1, 125
1, 125
1, 121
1, 189
1, 187
1, 195
1, 191
1, 196
1, 195
1, 200
1, 204
1, 197
1, 115
1, 111
1, 117
1, 114
1, 114
1, 137
1, 129
1, 127
1, 132
1, 162
1, 155
1, 150
1, 158
1, 148
1, 166
1, 172
1, 166
1, 175
1, 167
1, 155
1, 151
1, 152
1, 155
1, 159
1, 143
1, 150
1, 149
1, 144
1, 142
1, 186
1, 192
1, 186
1, 188
1, 187
1, 186
1, 185
1, 116
1, 113
1, 110
1, 116
1, 117
1, 113
1, 113
1, 114
1, 114
1, 111
1, 158
1, 160
1, 158
1, 158
1, 159
1, 139
1, 141
1, 144
1, 143
1, 138
1, 130
1, 130
1, 138
1, 140
1, 135
1, 142
1, 144
1, 141
1, 150
1, 141
1, 143
1, 134
1, 140
1, 135
1, 297
1, 292
1, 294
1, 292
1, 301
1, 186
1, 182
1, 187
1, 183
1, 184
1, 146
1, 148
1, 148
1, 153
1, 146
1, 148
1, 148
1, 148
1, 152
1, 150
1, 156
1, 151
1, 152
1, 149
1, 152
1, 204
1, 206
1, 206
1, 208
1, 214
1, 217
1, 216
1, 212
1, 180
1, 179
1, 179
1, 182
1, 179
1, 181
1, 185
1, 180
1, 183
1, 234
1, 243
1, 232
1, 231
1, 232
1, 236
1, 231
1, 234
1, 177
1, 175
1, 172
1, 177
1, 174
1, 184
1, 182
1, 114
1, 117
1, 113
1, 111
1, 119
1, 155
1, 152
1, 152
1, 155
1, 175
1, 174
1, 180
1, 178
1, 177
1, 135
1, 130
1, 129
1, 130
1, 131
1, 211
1, 208
1, 209
1, 214
1, 215
1, 208
1, 214
1, 218
1, 214
1, 221
1, 220
1, 228
1, 224
1, 219
1, 206
1, 199
1, 201
1, 206
1, 198
1, 131
1, 135
1, 141
1, 132
1, 144
1, 137
1, 139
1, 141
1, 243
1, 245
1, 245
1, 244
1, 143
1, 146
1, 144
1, 203
1, 206
1, 206
1, 209
1, 209
1, 270
1, 274
1, 286
1, 268
1, 286
1, 292
1, 303
1, 299
1, 293
1, 296
1, 248
1, 245
1, 247
1, 247
1, 248
1, 210
1, 208
1, 214
1, 128
1, 127
1, 119
1, 121
1, 194
1, 193
1, 192
1, 203
1, 136
1, 132
1, 132
1, 129
1, 137
1, 136
1, 137
1, 140
1, 142
1, 141
1, 144
1, 133
1, 135
1, 141
1, 139
1, 152
1, 158
1, 164
1, 162
1, 156
1, 128
1, 134
1, 130
1, 129
1, 191
1, 189
1, 186
1, 187
1, 191
1, 152
1, 151
1, 158
1, 156
1, 135
1, 137
1, 141
1, 135
1, 172
1, 179
1, 176
1, 177
1, 195
1, 202
1, 201
1, 207
1, 183
1, 182
1, 182
1, 183
1, 213
1, 211
1, 215
1, 216
1, 216
1, 133
1, 141
1, 137
1, 138
1, 181
1, 177
1, 181
1, 185
1, 207
1, 197
1, 201
1, 210
1, 178
1, 174
1, 182
1, 175
1, 178
1, 125
1, 120
1, 124
1, 125
1, 298
1, 290
1, 292
1, 292
1, 295
1, 296
1, 288
1, 290
1, 291
1, 292
1, 237
1, 224
1, 229
1, 232
1, 203
1, 201
1, 210
1, 201
1, 204
1, 291
1, 292
1, 289
1, 296
1, 294
1, 333
1, 326
1, 325
1, 325
1, 210
1, 199
1, 205
1, 207
1, 160
1, 159
1, 160
1, 154
1, 154
1, 160
1, 159
1, 156
1, 154
1, 162
1, 154
1, 149
1, 152
1, 149
1, 153
1, 150
1, 147
1, 153
1, 147
1, 151
1, 184
1, 183
1, 183
1, 184
1, 184
1, 179
1, 181
1, 181
1, 180
1, 180
1, 129
1, 129
1, 132
1, 132
1, 128
1, 127
1, 126
1, 131
1, 129
1, 140
1, 142
1, 132
1, 144
1, 145
1, 137
1, 134
1, 134
1, 135
1, 134
1, 126
1, 126
1, 123
1, 122
1, 116
1, 116
1, 117
1, 120
1, 119
1, 120
1, 287
1, 290
1, 291
1, 291
1, 290
1, 287
1, 287
1, 290
1, 293
1, 286
1, 113
1, 112
1, 114
1, 112
1, 114
1, 110
1, 110
1, 113
1, 263
1, 266
1, 267
1, 269
1, 263
1, 265
1, 254
1, 260
1, 260
1, 258
1, 208
1, 196
1, 196
1, 212
1, 201
1, 199
1, 202
1, 195
1, 201
1, 256
1, 254
1, 254
1, 253
1, 251
1, 250
1, 252
1, 250
1, 250
1, 252
1, 219
1, 222
1, 219
1, 215
1, 212
1, 216
1, 215
1, 218
1, 219
1, 221
1, 285
1, 283
1, 288
1, 279
1, 280
1, 282
1, 279
1, 278
1, 280
1, 290
1, 128
1, 130
1, 140
1, 139
1, 133
1, 134
1, 139
1, 133
1, 139
1, 177
1, 175
1, 171
1, 173
1, 177
1, 171
1, 168
1, 166
1, 170
1, 333
1, 335
1, 329
1, 333
1, 331
1, 170
1, 165
1, 162
1, 169
1, 167
1, 298
1, 298
1, 299
1, 297
1, 293
1, 195
1, 198
1, 199
1, 193
1, 193
1, 169
1, 166
1, 169
1, 161
1, 161
1, 157
1, 159
1, 162
1, 162
1, 192
1, 185
1, 189
1, 185
1, 190
1, 241
1, 233
1, 238
1, 238
1, 239
1, 214
1, 215
1, 217
1, 214
1, 212
1, 302
1, 303
1, 301
1, 300
1, 300
1, 173
1, 172
1, 168
1, 169
1, 100
1, 103
1, 101
1, 100
1, 97
1, 131
1, 132
1, 135
1, 133
1, 141
1, 108
1, 110
1, 106
1, 122
1, 121
1, 165
1, 175
1, 172
1, 173
1, 112
1, 110
1, 112
1, 108
1, 155
1, 149
1, 157
1, 155
1, 153
1, 141
1, 138
1, 138
1, 149
1, 183
1, 190
1, 193
1, 185
1, 197
1, 193
1, 196
1, 193
1, 195
1, 167
1, 183
1, 171
1, 188
1, 98
1, 107
1, 100
1, 147
1, 146
1, 147
1, 152
1, 171
1, 164
1, 174
1, 166
1, 167
1, 171
1, 178
1, 172
1, 172
1, 186
1, 168
1, 171
1, 165
1, 164
1, 163
1, 131
1, 125
1, 129
1, 150
1, 124
1, 142
1, 118
1, 123
1, 116
1, 152
1, 141
1, 142
1, 137
1, 139
1, 136
1, 136
1, 130
1, 147
1, 139
1, 156
1, 152
1, 154
1, 154
1, 156
1, 191
1, 190
1, 192
1, 150
1, 149
1, 146
1, 152
1, 143
1, 138
1, 136
1, 137
1, 116
1, 112
1, 123
1, 117
1, 166
1, 165
1, 166
1, 176
1, 168
1, 136
1, 137
1, 137
1, 169
1, 170
1, 166
1, 204
1, 195
1, 196
1, 193
1, 161
1, 158
1, 156
1, 158
1, 158
1, 251
1, 241
1, 254
1, 111
1, 116
1, 113
1, 121
1, 198
1, 209
1, 196
1, 198
1, 196
1, 192
1, 189
1, 188
1, 190
1, 205
1, 206
1, 208
1, 219
1, 209
1, 132
1, 134
1, 134
1, 138
1, 140
1, 181
1, 185
1, 177
1, 184
1, 187
1, 223
1, 224
1, 224
1, 228
1, 231
1, 207
1, 202
1, 205
1, 206
1, 207
1, 170
1, 172
1, 170
1, 174
1, 174
1, 120
1, 112
1, 118
1, 107
1, 108
1, 115
1, 114
1, 110
1, 180
1, 177
1, 179
1, 132
1, 129
1, 130
1, 130
1, 126
1, 210
1, 207
1, 213
1, 212
1, 214
1, 148
1, 158
1, 157
1, 150
1, 158
1, 131
1, 123
1, 121
1, 126
1, 145
1, 148
1, 149
1, 148
1, 145
1, 133
1, 136
1, 131
1, 135
1, 205
1, 208
1, 213
1, 205
1, 210
1, 148
1, 148
1, 146
1, 147
1, 148
1, 133
1, 131
1, 131
1, 129
1, 136
1, 128
1, 128
1, 132
1, 131
1, 131
1, 137
1, 134
1, 133
1, 157
1, 155
1, 157
1, 274
1, 271
1, 278
1, 124
1, 124
1, 124
1, 138
1, 137
1, 142
1, 121
1, 118
1, 123
1, 216
1, 221
1, 214
1, 214
1, 138
1, 150
1, 146
1, 180
1, 174
1, 177
1, 155
1, 149
1, 147
1, 151
1, 152
1, 247
1, 257
1, 249
1, 248
1, 248
1, 128
1, 130
1, 133
1, 107
1, 107
1, 105
1, 106
1, 207
1, 199
1, 198
1, 250
1, 253
1, 254
1, 260
1, 188
1, 189
1, 196
1, 189
1, 195
1, 203
1, 207
1, 210
1, 203
1, 199
1, 201
1, 204
1, 242
1, 242
1, 245
1, 104
1, 102
1, 105
1, 248
1, 253
1, 252
1, 248
1, 174
1, 176
1, 174
1, 138
1, 136
1, 135
1, 139
1, 272
1, 272
1, 276
1, 274
1, 278
1, 276
1, 284
1, 278
1, 205
1, 203
1, 203
1, 136
1, 138
1, 144
1, 135
1, 141
1, 189
1, 190
1, 196
1, 204
1, 191
1, 152
1, 149
1, 150
1, 149
1, 181
1, 178
1, 175
1, 178
1, 184
1, 221
1, 223
1, 222
1, 221
1, 217
1, 244
1, 243
1, 247
1, 245
1, 240
1, 177
1, 179
1, 181
1, 172
1, 181
1, 148
1, 143
1, 154
1, 147
1, 150
1, 261
1, 261
1, 265
1, 259
1, 118
1, 122
1, 120
1, 117
1, 176
1, 179
1, 179
1, 179
1, 180
1, 110
1, 115
1, 111
1, 107
1, 177
1, 177
1, 179
1, 175
1, 182
1, 186
1, 183
1, 191
1, 182
1, 174
1, 171
1, 180
1, 176
1, 173
1, 128
1, 129
1, 127
1, 132
1, 127
1, 122
1, 122
1, 123
1, 133
1, 130
1, 130
1, 138
1, 131
1, 331
1, 335
1, 336
1, 334
1, 338
1, 131
1, 132
1, 136
1, 133
1, 231
1, 233
1, 231
1, 233
1, 384
1, 347
1, 384
1, 352
1, 384
1, 357
1, 384
1, 346
1, 384
1, 349
1, 384
1, 350
1, 384
1, 353
1, 384
1, 351
1, 384
1, 348
1, 384
1, 348
1, 124
1, 130
1, 124
1, 127
1, 128
1, 129
1, 129
1, 124
1, 125
1, 109
1, 108
1, 110
1, 119
1, 113
1, 117
1, 114
1, 113
1, 108
1, 113
1, 135
1, 139
1, 139
1, 141
1, 139
1, 134
1, 139
1, 138
1, 139
1, 250
1, 250
1, 250
1, 247
1, 249
1, 251
1, 254
1, 253
1, 258
1, 251
1, 249
1, 250
1, 254
1, 247
1, 243
1, 260
1, 251
1, 244
1, 251
1, 260
1, 154
1, 158
1, 157
1, 158
1, 156
1, 154
1, 157
1, 162
1, 155
1, 161
1, 163
1, 160
1, 159
1, 158
1, 164
1, 166
1, 159
1, 164
1, 147
1, 145
1, 143
1, 147
1, 152
1, 145
1, 151
1, 147
1, 143
1, 147
1, 132
1, 139
1, 136
1, 134
1, 137
1, 139
1, 134
1, 149
1, 134
1, 208
1, 215
1, 215
1, 206
1, 213
1, 208
1, 209
1, 217
1, 210
1, 208
1, 212
1, 207
1, 207
1, 202
1, 204
1, 210
1, 208
1, 214
1, 212
1, 130
1, 128
1, 132
1, 131
1, 127
1, 127
1, 134
1, 128
1, 130
1, 289
1, 289
1, 289
1, 285
1, 285
1, 286
1, 297
1, 290
1, 287
1, 166
1, 163
1, 166
1, 166
1, 166
1, 164
1, 166
1, 168
1, 180
1, 109
1, 109
1, 103
1, 103
1, 105
1, 108
1, 105
1, 107
1, 103
1, 217
1, 215
1, 213
1, 213
1, 215
1, 219
1, 221
1, 218
1, 223
1, 180
1, 188
1, 182
1, 176
1, 175
1, 179
1, 182
1, 182
1, 174
1, 179
1, 177
1, 180
1, 183
1, 191
1, 125
1, 124
1, 124
1, 120
1, 128
1, 151
1, 150
1, 149
1, 150
1, 152
1, 163
1, 164
1, 163
1, 163
1, 162
1, 162
1, 162
1, 157
1, 161
1, 155
1, 132
1, 127
1, 132
1, 126
1, 132
1, 186
1, 182
1, 189
1, 191
1, 185
1, 232
1, 235
1, 232
1, 234
1, 226
1, 203
1, 201
1, 203
1, 202
1, 202
1, 149
1, 150
1, 149
1, 155
1, 155
1, 164
1, 164
1, 180
1, 174
1, 161
1, 146
1, 133
1, 137
1, 133
1, 141
1, 161
1, 155
1, 162
1, 168
1, 158
1, 201
1, 207
1, 198
1, 197
1, 198
1, 130
1, 131
1, 132
1, 126
1, 126
1, 119
1, 124
1, 120
1, 118
1, 125
1, 186
1, 187
1, 186
1, 187
1, 179
1, 185
1, 179
1, 181
1, 179
1, 179
1, 128
1, 125
1, 129
1, 129
1, 129
1, 166
1, 157
1, 157
1, 158
1, 167
1, 134
1, 133
1, 147
1, 133
1, 134
1, 262
1, 260
1, 264
1, 265
1, 130
1, 125
1, 130
1, 128
1, 132
1, 201
1, 200
1, 201
1, 198
1, 203
1, 133
1, 139
1, 129
1, 131
1, 132
1, 190
1, 181
1, 185
1, 182
1, 190
1, 120
1, 122
1, 122
1, 122
1, 123
1, 227
1, 223
1, 232
1, 224
1, 225
1, 185
1, 188
1, 190
1, 187
1, 191
1, 136
1, 143
1, 136
1, 140
1, 142
1, 150
1, 152
1, 153
1, 156
1, 149
1, 384
1, 318
1, 384
1, 316
1, 384
1, 315
1, 384
1, 310
1, 384
1, 314
1, 131
1, 128
1, 129
1, 135
1, 134
1, 160
1, 158
1, 152
1, 154
1, 160
1, 140
1, 135
1, 140
1, 138
1, 140
1, 127
1, 129
1, 129
1, 132
1, 127
1, 116
1, 114
1, 117
1, 117
1, 119
1, 176
1, 175
1, 176
1, 180
1, 172
1, 195
1, 195
1, 189
1, 198
1, 188
1, 129
1, 128
1, 129
1, 137
1, 134
1, 224
1, 224
1, 226
1, 228
1, 225
1, 156
1, 159
1, 152
1, 152
1, 153
1, 256
1, 255
1, 254
1, 254
1, 257
1, 168
1, 176
1, 169
1, 166
1, 171
1, 135
1, 134
1, 135
1, 137
1, 137
1, 149
1, 154
1, 146
1, 151
1, 148
1, 147
1, 142
1, 139
1, 141
1, 141
1, 140
1, 139
1, 143
1, 141
1, 143
1, 183
1, 187
1, 184
1, 190
1, 187
1, 384
1, 271
1, 384
1, 269
1, 384
1, 271
1, 384
1, 269
1, 384
1, 269
1, 143
1, 144
1, 142
1, 141
1, 144
1, 273
1, 279
1, 269
1, 272
1, 270
1, 236
1, 234
1, 240
1, 241
1, 237
1, 270
1, 273
1, 271
1, 275
1, 271
1, 203
1, 199
1, 199
1, 200
1, 195
1, 198
1, 196
1, 197
1, 193
1, 194
1, 261
1, 259
1, 260
1, 260
1, 259
1, 161
1, 162
1, 161
1, 161
1, 161
1, 123
1, 126
1, 127
1, 122
1, 120
1, 231
1, 235
1, 234
1, 235
1, 237
1, 175
1, 174
1, 179
1, 175
1, 178
1, 157
1, 162
1, 160
1, 160
1, 160
1, 343
1, 336
1, 339
1, 340
1, 338
1, 152
1, 147
1, 147
1, 147
1, 144
1, 256
1, 254
1, 250
1, 254
1, 254
1, 132
1, 132
1, 129
1, 131
1, 130
1, 283
1, 282
1, 283
1, 285
1, 283
1, 177
1, 172
1, 175
1, 171
1, 171
1, 167
1, 171
1, 175
1, 169
1, 172
1, 161
1, 161
1, 157
1, 161
1, 160
1, 168
1, 167
1, 169
1, 167
1, 168
1, 162
1, 163
1, 161
1, 162
1, 165
1, 135
1, 128
1, 126
1, 128
1, 127
1, 166
1, 164
1, 165
1, 168
1, 165
1, 150
1, 153
1, 149
1, 152
1, 155
1, 283
1, 276
1, 280
1, 284
1, 287
1, 164
1, 162
1, 168
1, 166
1, 162
1, 135
1, 132
1, 132
1, 139
1, 137
1, 185
1, 180
1, 183
1, 184
1, 190
1, 220
1, 218
1, 223
1, 219
1, 218
1, 118
1, 118
1, 121
1, 118
1, 118
1, 151
1, 151
1, 151
1, 151
1, 148
1, 147
1, 145
1, 147
1, 147
1, 145
1, 128
1, 128
1, 141
1, 141
1, 116
1, 114
1, 119
1, 116
1, 112
1, 155
1, 150
1, 150
1, 148
1, 151
1, 204
1, 200
1, 204
1, 201
1, 204
1, 179
1, 177
1, 179
1, 184
1, 181
1, 178
1, 178
1, 172
1, 176
1, 175
1, 140
1, 140
1, 141
1, 145
1, 142
1, 155
1, 153
1, 156
1, 157
1, 156
1, 200
1, 202
1, 202
1, 203
1, 200
1, 137
1, 139
1, 140
1, 142
1, 142
1, 213
1, 216
1, 217
1, 216
1, 218
1, 336
1, 335
1, 342
1, 329
1, 332
1, 165
1, 172
1, 173
1, 167
1, 170
1, 132
1, 129
1, 134
1, 133
1, 132
1, 169
1, 170
1, 166
1, 166
1, 165
1, 254
1, 250
1, 249
1, 247
1, 257
1, 174
1, 175
1, 171
1, 174
1, 173
1, 271
1, 269
1, 275
1, 281
1, 269
1, 135
1, 133
1, 134
1, 140
1, 135
1, 183
1, 189
1, 187
1, 189
1, 186
1, 100
1, 109
1, 108
1, 112
1, 112
1, 112
1, 121
1, 172
1, 180
1, 176
1, 181
1, 223
1, 218
1, 215
1, 214
1, 214
1, 219
1, 219
1, 219
1, 221
1, 219
1, 199
1, 199
1, 210
1, 199
1, 196
1, 213
1, 216
1, 213
1, 207
1, 378
1, 380
1, 383
1, 383
1, 379
1, 216
1, 221
1, 220
1, 220
1, 215
1, 166
1, 166
1, 167
1, 169
1, 166
1, 186
1, 193
1, 186
1, 192
1, 188
1, 124
1, 123
1, 127
1, 128
1, 131
1, 131
1, 133
1, 135
1, 136
1, 191
1, 189
1, 185
1, 195
1, 190
1, 139
1, 135
1, 135
1, 140
1, 134
1, 140
1, 141
1, 143
1, 143
1, 142
1, 136
1, 143
1, 135
1, 133
1, 140
1, 118
1, 126
1, 119
1, 117
1, 116
1, 198
1, 199
1, 200
1, 197
1, 205
1, 159
1, 156
1, 159
1, 157
1, 110
1, 110
1, 112
1, 146
1, 145
1, 146
1, 151
1, 147
1, 145
1, 144
1, 145
1, 140
1, 145
1, 176
1, 179
1, 177
1, 179
1, 178
1, 224
1, 224
1, 220
1, 224
1, 223
1, 167
1, 163
1, 163
1, 166
1, 316
1, 316
1, 317
1, 319
1, 316
1, 223
1, 224
1, 224
1, 224
1, 229
1, 225
1, 223
1, 222
1, 222
1, 224
1, 318
1, 319
1, 325
1, 320
1, 321
1, 250
1, 251
1, 248
1, 256
1, 250
1, 177
1, 183
1, 180
1, 180
1, 177
1, 155
1, 155
1, 152
1, 156
1, 154
1, 248
1, 246
1, 245
1, 241
1, 247
1, 174
1, 174
1, 171
1, 175
1, 175
1, 241
1, 235
1, 235
1, 244
1, 241
1, 183
1, 180
1, 185
1, 180
1, 179
1, 364
1, 364
1, 358
1, 362
1, 360
1, 239
1, 241
1, 238
1, 243
1, 237
1, 163
1, 167
1, 160
1, 163
1, 164
1, 188
1, 183
1, 186
1, 187
1, 189
1, 313
1, 317
1, 321
1, 316
1, 317
1, 183
1, 183
1, 184
1, 187
1, 183
1, 283
1, 287
1, 288
1, 290
1, 290
1, 136
1, 143
1, 133
1, 135
1, 136
1, 275
1, 270
1, 276
1, 273
1, 271
1, 222
1, 223
1, 224
1, 225
1, 159
1, 166
1, 158
1, 161
1, 157
1, 194
1, 190
1, 193
1, 193
1, 198
1, 218
1, 222
1, 221
1, 221
1, 221
1, 301
1, 292
1, 295
1, 295
1, 305
1, 363
1, 367
1, 363
1, 366
1, 364
1, 159
1, 158
1, 160
1, 161
1, 190
1, 191
1, 190
1, 192
1, 192
1, 183
1, 182
1, 179
1, 384
1, 272
1, 384
1, 274
1, 384
1, 272
1, 384
1, 273
1, 384
1, 275
1, 302
1, 302
1, 304
1, 301
1, 307
1, 124
1, 124
1, 130
1, 126
1, 130
1, 178
1, 175
1, 179
1, 179
1, 182
1, 128
1, 133
1, 133
1, 134
1, 134
1, 191
1, 194
1, 187
1, 188
1, 188
1, 138
1, 141
1, 142
1, 143
1, 143
1, 168
1, 166
1, 169
1, 168
1, 167
1, 140
1, 137
1, 143
1, 143
1, 142
1, 315
1, 315
1, 309
1, 320
1, 314
1, 282
1, 284
1, 282
1, 284
1, 282
1, 229
1, 230
1, 228
1, 236
1, 232
1, 139
1, 133
1, 130
1, 130
1, 125
1, 125
1, 119
1, 119
1, 123
1, 133
1, 138
1, 137
1, 136
1, 131
1, 130
1, 128
1, 130
1, 131
1, 176
1, 179
1, 178
1, 180
1, 180
1, 217
1, 218
1, 219
1, 223
1, 215
1, 206
1, 210
1, 204
1, 204
1, 201
1, 149
1, 152
1, 160
1, 133
1, 131
1, 137
1, 132
1, 170
1, 171
1, 167
1, 168
1, 174
1, 193
1, 196
1, 192
1, 191
1, 203
1, 129
1, 132
1, 140
1, 130
1, 134
1, 131
1, 135
1, 139
1, 136
1, 135
1, 134
1, 117
1, 117
1, 116
1, 122
1, 233
1, 230
1, 231
1, 239
1, 235
1, 196
1, 192
1, 196
1, 193
1, 196
1, 112
1, 113
1, 113
1, 108
1, 107
1, 106
1, 108
1, 112
1, 108
1, 106
1, 109
1, 107
1, 235
1, 234
1, 239
1, 236
1, 103
1, 97
1, 96
1, 101
1, 134
1, 129
1, 126
1, 130
1, 124
1, 208
1, 210
1, 205
1, 212
1, 208
1, 141
1, 149
1, 145
1, 144
1, 146
1, 128
1, 122
1, 120
1, 124
1, 121
1, 108
1, 110
1, 111
1, 106
1, 114
1, 114
1, 113
1, 125
1, 127
1, 127
1, 123
1, 142
1, 148
1, 149
1, 142
1, 152
1, 149
1, 149
1, 150
1, 210
1, 208
1, 209
1, 207
1, 210
1, 159
1, 158
1, 163
1, 159
1, 176
1, 174
1, 178
1, 173
1, 173
1, 214
1, 211
1, 213
1, 213
1, 213
1, 172
1, 169
1, 166
1, 168
1, 118
1, 115
1, 176
1, 169
1, 171
1, 111
1, 114
1, 115
1, 115
1, 260
1, 260
1, 264
1, 260
1, 260
1, 191
1, 188
1, 191
1, 192
1, 196
1, 130
1, 138
1, 134
1, 133
1, 195
1, 195
1, 195
1, 195
1, 137
1, 139
1, 141
1, 137
1, 174
1, 179
1, 173
1, 173
1, 122
1, 124
1, 122
1, 121
1, 176
1, 171
1, 167
1, 174
1, 171
1, 136
1, 137
1, 143
1, 137
1, 135
1, 162
1, 158
1, 157
1, 164
1, 147
1, 143
1, 143
1, 143
1, 142
1, 205
1, 211
1, 206
1, 213
1, 190
1, 190
1, 188
1, 189
1, 193
1, 145
1, 143
1, 146
1, 148
1, 178
1, 177
1, 179
1, 181
1, 240
1, 238
1, 240
1, 237
1, 235
1, 264
1, 264
1, 263
1, 265
1, 262
1, 149
1, 152
1, 156
1, 166
1, 163
1, 162
1, 164
1, 234
1, 232
1, 232
1, 234
1, 232
1, 133
1, 132
1, 135
1, 134
1, 137
1, 141
1, 143
1, 143
1, 144
1, 143
1, 142
1, 144
1, 144
1, 143
1, 139
1, 140
1, 138
1, 146
1, 123
1, 122
1, 122
1, 118
1, 118
1, 189
1, 176
1, 181
1, 187
1, 183
1, 261
1, 262
1, 260
1, 265
1, 266
1, 147
1, 153
1, 149
1, 146
1, 153
1, 111
1, 123
1, 126
1, 110
1, 131
1, 123
1, 127
1, 125
1, 123
1, 122
1, 122
1, 121
1, 141
1, 139
1, 141
1, 137
1, 138
1, 289
1, 288
1, 285
1, 280
1, 338
1, 336
1, 338
1, 338
1, 338
1, 217
1, 215
1, 216
1, 213
1, 219
1, 173
1, 173
1, 177
1, 172
1, 173
1, 126
1, 129
1, 128
1, 128
1, 156
1, 166
1, 162
1, 154
1, 137
1, 133
1, 129
1, 144
1, 143
1, 143
1, 220
1, 210
1, 209
1, 205
1, 161
1, 166
1, 161
1, 133
1, 130
1, 135
1, 132
1, 150
1, 143
1, 144
1, 151
1, 151
1, 128
1, 129
1, 133
1, 130
1, 129
1, 157
1, 156
1, 158
1, 164
1, 164
1, 208
1, 209
1, 207
1, 211
1, 209
1, 220
1, 219
1, 214
1, 215
1, 219
1, 157
1, 160
1, 157
1, 158
1, 154
1, 308
1, 304
1, 301
1, 306
1, 305
1, 256
1, 261
1, 248
1, 252
1, 249
1, 241
1, 237
1, 236
1, 236
1, 237
1, 181
1, 180
1, 178
1, 180
1, 178
1, 162
1, 159
1, 159
1, 153
1, 162
1, 176
1, 181
1, 189
1, 181
1, 188
1, 200
1, 201
1, 198
1, 199
1, 200
1, 255
1, 258
1, 257
1, 253
1, 255
1, 234
1, 225
1, 236
1, 232
1, 196
1, 195
1, 205
1, 211
1, 212
1, 211
1, 211
1, 212
1, 276
1, 282
1, 285
1, 289
1, 282
1, 197
1, 209
1, 196
1, 204
1, 195
1, 290
1, 291
1, 293
1, 295
1, 292
1, 154
1, 155
1, 151
1, 153
1, 152
1, 146
1, 147
1, 147
1, 177
1, 181
1, 174
1, 174
1, 177
1, 181
1, 180
1, 183
1, 183
1, 182
1, 235
1, 234
1, 234
1, 234
1, 171
1, 169
1, 175
1, 177
1, 224
1, 226
1, 218
1, 226
1, 180
1, 179
1, 174
1, 176
1, 239
1, 239
1, 238
1, 241
1, 242
1, 149
1, 143
1, 151
1, 179
1, 176
1, 177
1, 183
1, 183
1, 208
1, 199
1, 199
1, 199
1, 194
1, 195
1, 190
1, 193
1, 188
1, 206
1, 204
1, 203
1, 212
1, 203
1, 164
1, 162
1, 163
1, 162
1, 161
1, 154
1, 155
1, 160
1, 156
1, 159
1, 159
1, 160
1, 159
1, 159
1, 191
1, 190
1, 195
1, 195
1, 186
1, 153
1, 152
1, 157
1, 160
1, 152
1, 148
1, 146
1, 147
1, 147
1, 147
1, 177
1, 176
1, 178
1, 171
1, 175
1, 197
1, 199
1, 200
1, 198
1, 199
1, 140
1, 134
1, 136
1, 140
1, 136
1, 307
1, 306
1, 310
1, 309
1, 304
1, 154
1, 148
1, 155
1, 154
1, 153
1, 197
1, 196
1, 200
1, 201
1, 197
1, 195
1, 199
1, 196
1, 198
1, 194
1, 137
1, 142
1, 141
1, 143
1, 137
1, 133
1, 137
1, 146
1, 132
1, 166
1, 164
1, 163
1, 163
1, 163
1, 227
1, 223
1, 227
1, 222
1, 218
1, 135
1, 133
1, 137
1, 133
1, 152
1, 153
1, 153
1, 154
1, 214
1, 213
1, 214
1, 214
1, 215
1, 187
1, 185
1, 190
1, 192
1, 192
1, 147
1, 142
1, 145
1, 156
1, 155
1, 156
1, 151
1, 154
1, 206
1, 199
1, 203
1, 207
1, 206
1, 212
1, 210
1, 211
1, 210
1, 216
1, 174
1, 172
1, 176
1, 169
1, 173
1, 171
1, 173
1, 179
1, 180
1, 180
1, 126
1, 129
1, 131
1, 129
1, 166
1, 165
1, 169
1, 163
1, 196
1, 197
1, 193
1, 194
1, 197
1, 180
1, 179
1, 181
1, 181
1, 177
1, 123
1, 127
1, 130
1, 140
1, 125
1, 168
1, 164
1, 160
1, 168
1, 156
1, 143
1, 147
1, 144
1, 152
1, 143
1, 188
1, 190
1, 197
1, 195
1, 188
1, 209
1, 213
1, 211
1, 209
1, 220
1, 181
1, 173
1, 175
1, 176
1, 173
1, 194
1, 196
1, 186
1, 187
1, 192
1, 220
1, 214
1, 217
1, 219
1, 220
1, 250
1, 248
1, 248
1, 243
1, 257
1, 224
1, 223
1, 227
1, 228
1, 228
1, 145
1, 146
1, 151
1, 158
1, 158
1, 206
1, 203
1, 212
1, 204
1, 205
1, 145
1, 135
1, 139
1, 142
1, 148
1, 206
1, 205
1, 196
1, 204
1, 211
1, 140
1, 148
1, 166
1, 143
1, 141
1, 194
1, 216
1, 206
1, 206
1, 204
1, 234
1, 223
1, 230
1, 231
1, 234
1, 195
1, 187
1, 207
1, 204
1, 205
1, 155
1, 152
1, 155
1, 150
1, 147
1, 199
1, 194
1, 195
1, 195
1, 198
1, 170
1, 170
1, 178
1, 178
1, 179
1, 237
1, 234
1, 239
1, 236
1, 246
1, 191
1, 199
1, 192
1, 196
1, 199
1, 179
1, 174
1, 174
1, 180
1, 169
1, 173
1, 174
1, 173
1, 177
1, 171
1, 164
1, 157
1, 159
1, 163
1, 175
1, 148
1, 145
1, 155
1, 147
1, 157
1, 156
1, 158
1, 155
1, 149
1, 146
1, 147
1, 162
1, 150
1, 179
1, 179
1, 183
1, 181
1, 179
1, 178
1, 180
1, 179
1, 252
1, 253
1, 258
1, 255
1, 253
1, 252
1, 252
1, 260
1, 255
1, 155
1, 155
1, 155
1, 155
1, 152
1, 154
1, 154
1, 151
1, 152
1, 151
1, 168
1, 169
1, 168
1, 168
1, 168
1, 169
1, 166
1, 168
1, 166
1, 169
1, 152
1, 157
1, 157
1, 166
1, 156
1, 156
1, 155
1, 155
1, 153
1, 157
1, 142
1, 142
1, 145
1, 150
1, 150
1, 142
1, 138
1, 142
1, 143
1, 145
1, 168
1, 165
1, 167
1, 168
1, 165
1, 168
1, 169
1, 166
1, 167
1, 170
1, 200
1, 203
1, 197
1, 202
1, 205
1, 195
1, 201
1, 202
1, 196
1, 197
1, 189
1, 184
1, 187
1, 185
1, 184
1, 188
1, 184
1, 186
1, 186
1, 192
1, 150
1, 147
1, 148
1, 145
1, 145
1, 150
1, 148
1, 150
1, 146
1, 150
1, 117
1, 122
1, 121
1, 119
1, 121
1, 119
1, 114
1, 121
1, 119
1, 118
1, 166
1, 166
1, 161
1, 171
1, 162
1, 163
1, 165
1, 162
1, 164
1, 164
1, 127
1, 128
1, 125
1, 134
1, 126
1, 130
1, 126
1, 131
1, 206
1, 206
1, 208
1, 209
1, 208
1, 208
1, 207
1, 209
1, 207
1, 207
1, 128
1, 130
1, 122
1, 123
1, 128
1, 118
1, 123
1, 122
1, 120
1, 205
1, 204
1, 210
1, 205
1, 211
1, 208
1, 212
1, 205
1, 207
1, 204
1, 219
1, 211
1, 217
1, 215
1, 214
1, 212
1, 218
1, 159
1, 155
1, 151
1, 145
1, 157
1, 164
1, 150
1, 152
1, 151
1, 211
1, 205
1, 210
1, 211
1, 209
1, 136
1, 134
1, 136
1, 350
1, 341
1, 337
1, 337
1, 338
1, 159
1, 165
1, 162
1, 162
1, 171
1, 157
1, 155
1, 161
1, 159
1, 131
1, 132
1, 129
1, 137
1, 219
1, 225
1, 222
1, 219
1, 216
1, 134
1, 139
1, 138
1, 138
1, 154
1, 154
1, 154
1, 223
1, 221
1, 225
1, 224
1, 226
1, 150
1, 150
1, 155
1, 160
1, 162
1, 147
1, 145
1, 141
1, 153
1, 148
1, 145
1, 145
1, 146
1, 140
1, 144
1, 142
1, 148
1, 142
1, 138
1, 138
1, 159
1, 168
1, 163
1, 166
1, 224
1, 228
1, 230
1, 232
1, 229
1, 189
1, 192
1, 181
1, 185
1, 181
1, 204
1, 209
1, 213
1, 209
1, 183
1, 191
1, 188
1, 189
1, 188
1, 168
1, 171
1, 167
1, 166
1, 168
1, 144
1, 145
1, 146
1, 150
1, 145
1, 188
1, 189
1, 196
1, 186
1, 187
1, 188
1, 184
1, 178
1, 178
1, 176
1, 158
1, 157
1, 159
1, 159
1, 159
1, 200
1, 204
1, 200
1, 204
1, 202
1, 132
1, 131
1, 127
1, 130
1, 131
1, 156
1, 162
1, 157
1, 160
1, 171
1, 202
1, 205
1, 204
1, 200
1, 203
1, 126
1, 134
1, 133
1, 132
1, 131
1, 145
1, 140
1, 139
1, 139
1, 138
1, 126
1, 129
1, 120
1, 127
1, 167
1, 161
1, 164
1, 166
1, 166
1, 128
1, 133
1, 131
1, 131
1, 129
1, 132
1, 137
1, 140
1, 134
1, 135
1, 204
1, 196
1, 204
1, 194
1, 200
1, 167
1, 171
1, 173
1, 171
1, 219
1, 222
1, 218
1, 226
1, 223
1, 180
1, 177
1, 183
1, 179
1, 176
1, 168
1, 161
1, 161
1, 166
1, 164
1, 133
1, 134
1, 139
1, 136
1, 133
1, 185
1, 183
1, 188
1, 180
1, 187
1, 206
1, 201
1, 208
1, 199
1, 202
1, 185
1, 188
1, 193
1, 192
1, 191
1, 131
1, 136
1, 132
1, 136
1, 143
1, 128
1, 128
1, 132
1, 127
1, 124
1, 112
1, 115
1, 116
1, 121
1, 114
1, 106
1, 114
1, 111
1, 111
1, 128
1, 120
1, 124
1, 127
1, 206
1, 207
1, 204
1, 204
1, 207
1, 161
1, 166
1, 168
1, 162
1, 170
1, 147
1, 147
1, 145
1, 145
1, 114
1, 121
1, 114
1, 113
1, 111
1, 169
1, 170
1, 174
1, 169
1, 179
1, 131
1, 132
1, 129
1, 133
1, 136
1, 154
1, 153
1, 158
1, 164
1, 156
1, 226
1, 234
1, 229
1, 238
1, 227
1, 228
1, 233
1, 236
1, 246
1, 235
1, 116
1, 117
1, 117
1, 121
1, 217
1, 216
1, 216
1, 222
1, 215
1, 247
1, 250
1, 249
1, 251
1, 252
1, 137
1, 142
1, 139
1, 137
1, 143
1, 176
1, 171
1, 177
1, 179
1, 186
1, 123
1, 115
1, 119
1, 118
1, 121
1, 123
1, 124
1, 118
1, 122
1, 126
1, 137
1, 126
1, 125
1, 129
1, 130
1, 189
1, 195
1, 196
1, 198
1, 195
1, 172
1, 162
1, 169
1, 165
1, 169
1, 225
1, 230
1, 223
1, 228
1, 220
1, 147
1, 143
1, 151
1, 150
1, 143
1, 159
1, 167
1, 154
1, 157
1, 157
1, 144
1, 135
1, 142
1, 141
1, 144
1, 142
1, 183
1, 185
1, 188
1, 195
1, 197
1, 175
1, 184
1, 184
1, 175
1, 184
1, 113
1, 119
1, 120
1, 120
1, 115
1, 162
1, 161
1, 160
1, 161
1, 165
1, 158
1, 161
1, 159
1, 153
1, 153
1, 171
1, 172
1, 172
1, 166
1, 166
1, 169
1, 170
1, 166
1, 166
1, 137
1, 132
1, 131
1, 130
1, 137
1, 128
1, 128
1, 127
1, 134
1, 135
1, 107
1, 103
1, 112
1, 104
1, 106
1, 152
1, 162
1, 152
1, 157
1, 152
1, 133
1, 131
1, 133
1, 129
1, 119
1, 147
1, 145
1, 155
1, 144
1, 151
1, 130
1, 131
1, 132
1, 132
1, 129
1, 136
1, 139
1, 141
1, 140
1, 140
1, 135
1, 139
1, 138
1, 130
1, 135
1, 171
1, 178
1, 174
1, 171
1, 170
1, 130
1, 128
1, 133
1, 129
1, 136
1, 114
1, 117
1, 117
1, 120
1, 122
1, 209
1, 205
1, 200
1, 205
1, 200
1, 229
1, 223
1, 225
1, 225
1, 224
1, 125
1, 122
1, 122
1, 122
1, 119
1, 113
1, 113
1, 122
1, 113
1, 114
1, 155
1, 156
1, 166
1, 158
1, 158
1, 191
1, 182
1, 182
1, 184
1, 186
1, 145
1, 134
1, 129
1, 135
1, 130
1, 130
1, 132
1, 140
1, 133
1, 129
1, 296
1, 296
1, 293
1, 298
1, 289
1, 183
1, 180
1, 190
1, 185
1, 185
1, 228
1, 225
1, 230
1, 226
1, 226
1, 130
1, 129
1, 125
1, 132
1, 125
1, 131
1, 130
1, 132
1, 135
1, 130
1, 149
1, 154
1, 151
1, 164
1, 157
1, 172
1, 168
1, 174
1, 163
1, 170
1, 164
1, 159
1, 166
1, 161
1, 133
1, 133
1, 132
1, 134
1, 203
1, 207
1, 205
1, 207
1, 200
1, 351
1, 349
1, 352
1, 357
1, 350
1, 238
1, 239
1, 244
1, 245
1, 242
1, 280
1, 279
1, 281
1, 279
1, 281
1, 216
1, 220
1, 221
1, 215
1, 218
1, 110
1, 112
1, 120
1, 114
1, 114
1, 135
1, 139
1, 135
1, 135
1, 135
1, 116
1, 118
1, 119
1, 119
1, 122
1, 238
1, 237
1, 232
1, 237
1, 235
1, 118
1, 121
1, 121
1, 120
1, 117
1, 173
1, 172
1, 169
1, 172
1, 173
1, 225
1, 220
1, 225
1, 222
1, 219
1, 129
1, 132
1, 130
1, 129
1, 133
1, 176
1, 176
1, 179
1, 182
1, 181
1, 166
1, 167
1, 171
1, 166
1, 119
1, 122
1, 119
1, 125
1, 116
1, 379
1, 384
1, 378
1, 383
1, 205
1, 206
1, 208
1, 200
1, 202
1, 143
1, 138
1, 135
1, 143
1, 138
1, 141
1, 136
1, 148
1, 141
1, 138
1, 113
1, 111
1, 110
1, 113
1, 112
1, 137
1, 141
1, 140
1, 140
1, 139
1, 137
1, 133
1, 133
1, 133
1, 133
1, 156
1, 149
1, 152
1, 151
1, 152
1, 183
1, 189
1, 188
1, 186
1, 187
1, 223
1, 218
1, 220
1, 221
1, 219
1, 109
1, 109
1, 107
1, 109
1, 107
1, 233
1, 230
1, 230
1, 231
1, 181
1, 182
1, 181
1, 183
1, 182
1, 376
1, 374
1, 376
1, 375
1, 375
1, 189
1, 191
1, 189
1, 194
1, 188
1, 159
1, 153
1, 151
1, 159
1, 257
1, 257
1, 257
1, 259
1, 255
1, 149
1, 150
1, 149
1, 148
1, 151
1, 292
1, 292
1, 292
1, 290
1, 124
1, 131
1, 130
1, 133
1, 126
1, 136
1, 139
1, 133
1, 138
1, 110
1, 110
1, 110
1, 109
1, 112
1, 167
1, 170
1, 169
1, 172
1, 144
1, 144
1, 143
1, 172
1, 171
1, 172
1, 168
1, 158
1, 154
1, 154
1, 155
1, 156
1, 127
1, 126
1, 124
1, 127
1, 120
1, 168
1, 169
1, 176
1, 129
1, 129
1, 131
1, 131
1, 115
1, 123
1, 132
1, 156
1, 157
1, 155
1, 239
1, 232
1, 230
1, 147
1, 152
1, 155
1, 150
1, 136
1, 135
1, 132
1, 150
1, 193
1, 203
1, 189
1, 188
1, 190
1, 155
1, 166
1, 153
1, 162
1, 307
1, 302
1, 304
1, 305
1, 168
1, 159
1, 158
1, 171
1, 173
1, 182
1, 151
1, 148
1, 142
1, 203
1, 220
1, 213
1, 208
1, 158
1, 163
1, 167
1, 165
1, 216
1, 217
1, 216
1, 179
1, 166
1, 167
1, 233
1, 226
1, 230
1, 141
1, 150
1, 140
1, 184
1, 183
1, 188
1, 124
1, 125
1, 133
1, 146
1, 145
1, 152
1, 127
1, 129
1, 132
1, 206
1, 199
1, 201
1, 145
1, 145
1, 145
1, 191
1, 197
1, 193
1, 194
1, 192
1, 125
1, 126
1, 127
1, 124
1, 124
1, 152
1, 149
1, 164
1, 148
1, 151
1, 187
1, 189
1, 189
1, 188
1, 184
1, 155
1, 155
1, 156
1, 179
1, 181
1, 181
1, 184
1, 180
1, 124
1, 114
1, 116
1, 208
1, 210
1, 212
1, 212
1, 169
1, 155
1, 155
1, 149
1, 138
1, 147
1, 138
1, 165
1, 167
1, 164
1, 167
1, 131
1, 145
1, 134
1, 384
1, 259
1, 384
1, 268
1, 384
1, 267
1, 384
1, 263
1, 124
1, 111
1, 116
1, 148
1, 140
1, 145
1, 144
1, 223
1, 224
1, 223
1, 223
1, 127
1, 137
1, 134
1, 148
1, 147
1, 154
1, 140
1, 140
1, 137
1, 137
1, 133
1, 215
1, 221
1, 216
1, 126
1, 128
1, 129
1, 145
1, 146
1, 147
1, 147
1, 119
1, 119
1, 121
1, 238
1, 231
1, 234
1, 230
1, 230
1, 160
1, 162
1, 161
1, 159
1, 125
1, 125
1, 126
1, 180
1, 183
1, 179
1, 183
1, 122
1, 122
1, 116
1, 118
1, 138
1, 137
1, 138
1, 151
1, 147
1, 148
1, 154
1, 155
1, 149
1, 151
1, 265
1, 263
1, 260
1, 109
1, 110
1, 103
1, 170
1, 169
1, 169
1, 146
1, 140
1, 144
1, 145
1, 166
1, 171
1, 165
1, 209
1, 212
1, 204
1, 208
1, 214
1, 144
1, 144
1, 148
1, 142
1, 213
1, 211
1, 212
1, 212
1, 265
1, 262
1, 264
1, 262
1, 266
1, 193
1, 191
1, 189
1, 191
1, 155
1, 152
1, 150
1, 148
1, 140
1, 141
1, 140
1, 142
1, 152
1, 149
1, 150
1, 235
1, 223
1, 227
1, 152
1, 152
1, 151
1, 148
1, 132
1, 126
1, 125
1, 127
1, 135
1, 134
1, 130
1, 133
1, 162
1, 158
1, 168
1, 160
1, 233
1, 240
1, 233
1, 230
1, 231
1, 233
1, 236
1, 235
1, 138
1, 137
1, 133
1, 133
1, 157
1, 150
1, 151
1, 178
1, 177
1, 177
1, 183
1, 180
1, 186
1, 187
1, 180
1, 168
1, 172
1, 167
1, 174
1, 187
1, 190
1, 193
1, 233
1, 233
1, 231
1, 157
1, 156
1, 153
1, 156
1, 145
1, 149
1, 152
1, 148
1, 154
1, 145
1, 146
1, 128
1, 132
1, 131
1, 130
1, 131
1, 126
1, 126
1, 284
1, 285
1, 283
1, 283
1, 177
1, 177
1, 178
1, 191
1, 187
1, 189
1, 186
1, 198
1, 192
1, 195
1, 196
1, 194
1, 198
1, 196
1, 194
1, 203
1, 195
1, 136
1, 134
1, 130
1, 131
1, 133
1, 268
1, 271
1, 275
1, 273
1, 269
1, 132
1, 131
1, 136
1, 132
1, 131
1, 274
1, 261
1, 264
1, 264
1, 271
1, 251
1, 256
1, 254
1, 249
1, 250
1, 248
1, 257
1, 253
1, 257
1, 160
1, 158
1, 159
1, 157
1, 170
1, 166
1, 162
1, 164
1, 168
1, 126
1, 133
1, 128
1, 99
1, 103
1, 96
1, 96
1, 256
1, 250
1, 260
1, 265
1, 258
1, 192
1, 193
1, 197
1, 202
1, 195
1, 243
1, 243
1, 238
1, 247
1, 242
1, 111
1, 109
1, 113
1, 120
1, 179
1, 179
1, 179
1, 180
1, 173
1, 282
1, 285
1, 289
1, 296
1, 294
1, 131
1, 129
1, 133
1, 132
1, 141
1, 148
1, 141
1, 150
1, 150
1, 239
1, 234
1, 239
1, 243
1, 244
1, 371
1, 365
1, 367
1, 369
1, 371
1, 193
1, 190
1, 188
1, 188
1, 190
1, 313
1, 311
1, 324
1, 314
1, 182
1, 193
1, 183
1, 190
1, 191
1, 114
1, 114
1, 110
1, 126
1, 172
1, 175
1, 176
1, 172
1, 141
1, 145
1, 138
1, 139
1, 148
1, 250
1, 258
1, 257
1, 258
1, 116
1, 115
1, 120
1, 121
1, 153
1, 152
1, 155
1, 165
1, 152
1, 146
1, 149
1, 135
1, 141
1, 134
1, 162
1, 158
1, 159
1, 165
1, 162
1, 158
1, 159
1, 165
1, 128
1, 128
1, 129
1, 126
1, 136
1, 156
1, 160
1, 153
1, 163
1, 157
1, 130
1, 128
1, 125
1, 129
1, 233
1, 235
1, 235
1, 240
1, 234
1, 129
1, 133
1, 138
1, 133
1, 135
1, 117
1, 126
1, 118
1, 121
1, 111
1, 119
1, 113
1, 194
1, 200
1, 194
1, 196
1, 199
1, 129
1, 129
1, 131
1, 128
1, 133
1, 150
1, 155
1, 154
1, 155
1, 109
1, 103
1, 104
1, 112
1, 104
1, 195
1, 198
1, 198
1, 201
1, 198
